"Supabase_Project_Ref","Schema","Table","Purpose","Key_Columns","Row_Count","RLS_Enabled","Schema_File_Path","Used_By_Module"
"evpckeuxgvahguwsaeul","public","organizations","PROJEXA tenant root (name/slug/country)","PK:id","15","TRUE","src/lib/db/schema.ts:7","api/org/provision"
"evpckeuxgvahguwsaeul","public","memberships","User-to-org membership + role","PK:id|FK:organization_id,user_id","107","TRUE","src/lib/db/schema.ts:24","src/lib/supabase"
"evpckeuxgvahguwsaeul","public","profiles","Auto-populated from auth.users insert trigger","PK:id|FK:id","111","TRUE","src/lib/db/schema.ts:134","api/conversations/route.ts"
"evpckeuxgvahguwsaeul","public","veridian_credentials","One row per org pointing at its VERIDIAN tenant","PK:organization_id|FK:organization_id","14","TRUE","src/lib/db/schema.ts:43","api/org/provision"
"evpckeuxgvahguwsaeul","public","assistant_queries","Local history of /api/v1/projexa/assistant calls","PK:id|FK:created_by,organization_id","18","TRUE","src/lib/db/schema.ts:65","UNKNOWN"
"evpckeuxgvahguwsaeul","public","conversations","Chat conversation header, org-scoped","PK:id|FK:organization_id","0","TRUE","src/lib/db/schema.ts:80","src/lib/authz"
"evpckeuxgvahguwsaeul","public","conversation_participants","Conversation membership join table","PK:conversation_id,user_id|FK:conversation_id,user_id","0","TRUE","src/lib/db/schema.ts:88","UNKNOWN"
"evpckeuxgvahguwsaeul","public","messages","Chat messages","PK:id|FK:conversation_id,sender_id","0","TRUE","src/lib/db/schema.ts:102","src/components/screens"
"evpckeuxgvahguwsaeul","public","notifications","In-app notifications (RFI/submittal/punch list)","PK:id|FK:organization_id,user_id","270","TRUE","src/lib/db/schema.ts:150","src/lib/authz"
"evpckeuxgvahguwsaeul","public","todos","Per-user todo items","PK:id|FK:organization_id,user_id","0","TRUE","src/lib/db/schema.ts:166","api/todos/route.ts"
"evpckeuxgvahguwsaeul","public","org_invites","Email-bound org invite tokens","PK:id|FK:accepted_by,invited_by,organization_id","1","TRUE","src/lib/db/schema.ts:118","UNKNOWN"
"evpckeuxgvahguwsaeul","public","work_progress_photos","Site photo linked to a VERIDIAN work-progress entry","PK:id|FK:organization_id,uploaded_by","4","TRUE","src/lib/db/schema.ts:188","UNKNOWN"
"evpckeuxgvahguwsaeul","public","contact_requests","Marketing-site lead capture, anonymous visitor rows","PK:id","1","TRUE","src/lib/db/schema.ts:229","src/lib/services"
"evpckeuxgvahguwsaeul","public","security_audit_log","Platform security events; demo-password rotations","PK:id","1","TRUE","src/lib/db/schema.ts:219","UNKNOWN"
"pcrjmlpuqsbocqfwoxod","compliance","abac_policies","UNKNOWN","PK:id|FK:created_by_id,org_id","0","TRUE","src/lib/db/schema.ts:7745","src/lib/services"
"pcrjmlpuqsbocqfwoxod","compliance","access_review_certifications","UNKNOWN","PK:id|FK:cycle_id,org_id,user_id","24","TRUE","src/lib/db/schema.ts:2856","src/lib/services"
"pcrjmlpuqsbocqfwoxod","compliance","access_review_cycles","Periodic access-certification cycle over RBAC roles","PK:id|FK:org_id","6","TRUE","src/lib/db/schema.ts:2845","src/lib/services"
"pcrjmlpuqsbocqfwoxod","compliance","activity_log","Wave 160 additive task envelope","PK:id","0","TRUE","src/lib/db/schema.ts:1707","src/lib/services"
"pcrjmlpuqsbocqfwoxod","compliance","agent_review_records","Agent Review Registry (AI workforce governance)","PK:id","0","TRUE","src/lib/db/schema.ts:1942","src/lib/services"
"pcrjmlpuqsbocqfwoxod","compliance","ai_agent_directory","Per-AI-agent permanent directory","PK:id","0","TRUE","src/lib/db/schema.ts:1861","src/lib/ai-team"
"pcrjmlpuqsbocqfwoxod","compliance","ai_assistants","5 numbered assistants auto-provisioned per user","PK:id|FK:user_id","1728","TRUE","src/lib/db/schema.ts:1156","src/lib/services"
"pcrjmlpuqsbocqfwoxod","compliance","ai_configurations","UNKNOWN","PK:id|FK:org_id","0","TRUE","src/lib/db/schema.ts:1003","api/settings/ai-config"
"pcrjmlpuqsbocqfwoxod","compliance","ai_cost_reconciliations","AI cost governance / FinOps reconciliation","PK:id","0","TRUE","src/lib/db/schema.ts:10235","src/lib/services"
"pcrjmlpuqsbocqfwoxod","compliance","ai_reduction_snapshots","Predictive AI model-selection metric snapshots","PK:id","1","TRUE","src/lib/db/schema.ts:12157","src/lib/services"
"pcrjmlpuqsbocqfwoxod","compliance","api_key_request_log","Per-request log backing API rate limiting","PK:id|FK:api_key_id,org_id","45422","TRUE","src/lib/db/schema.ts:804","src/lib/auth"
"pcrjmlpuqsbocqfwoxod","compliance","api_keys","UNKNOWN","PK:id|FK:issued_for_application_id,org_id","34","TRUE","src/lib/db/schema.ts:763","api/settings/api-keys"
"pcrjmlpuqsbocqfwoxod","compliance","application_errors","In-DB error tracking (no external APM)","PK:id","80","TRUE","src/lib/db/schema.ts:11881","api/internal/secrets-audit"
"pcrjmlpuqsbocqfwoxod","compliance","approval_preferences","User-controlled VERI-assisted comms approval prefs","PK:id","0","TRUE","src/lib/db/schema.ts:2104","src/lib/approval-preference-service.ts"
"pcrjmlpuqsbocqfwoxod","compliance","approval_requests","UNKNOWN","PK:id|FK:approved_by_id,client_id,org_id","5","TRUE","src/lib/db/schema.ts:3268","api/approvals/route.ts"
"pcrjmlpuqsbocqfwoxod","compliance","approval_workflow_definitions","UNKNOWN","PK:id|FK:created_by_id,org_id","0","TRUE","src/lib/db/schema.ts:7648","src/lib/services"
"pcrjmlpuqsbocqfwoxod","compliance","approval_workflow_instances","UNKNOWN","PK:id|FK:created_by_id,org_id,workflow_definition_id","0","TRUE","src/lib/db/schema.ts:7679","src/lib/services"
"pcrjmlpuqsbocqfwoxod","compliance","approval_workflow_step_approvals","UNKNOWN","PK:id|FK:approved_by_id,step_instance_id","0","TRUE","src/lib/db/schema.ts:7703","src/lib/services"
"pcrjmlpuqsbocqfwoxod","compliance","approval_workflow_step_definitions","UNKNOWN","PK:id|FK:workflow_definition_id","0","TRUE","src/lib/db/schema.ts:7658","src/lib/services"
"pcrjmlpuqsbocqfwoxod","compliance","approval_workflow_step_instances","UNKNOWN","PK:id|FK:step_definition_id,workflow_instance_id","0","TRUE","src/lib/db/schema.ts:7691","src/lib/services"
"pcrjmlpuqsbocqfwoxod","compliance","asset_registration_config","Which tables auto-register into platform_assets","PK:id","154","TRUE","src/lib/db/schema.ts:12094","UNKNOWN"
"pcrjmlpuqsbocqfwoxod","compliance","assistant_memories","Assistant memory rows; pgvector col managed in SQL","PK:id|FK:assistant_id","0","TRUE","src/lib/db/schema.ts:1170","api/assistants/[id]"
"pcrjmlpuqsbocqfwoxod","compliance","assistant_metrics_daily","UNKNOWN","PK:id|FK:assistant_id","0","TRUE","src/lib/db/schema.ts:1196","UNKNOWN"
"pcrjmlpuqsbocqfwoxod","compliance","assistant_sessions","UNKNOWN","PK:id|FK:assistant_id","0","TRUE","src/lib/db/schema.ts:1188","UNKNOWN"
"pcrjmlpuqsbocqfwoxod","compliance","audit_engagements","UNKNOWN","PK:id|FK:client_id,org_id","11","TRUE","src/lib/db/schema.ts:3652","src/lib/services"
"pcrjmlpuqsbocqfwoxod","compliance","audit_findings","UNKNOWN","PK:id|FK:audit_engagement_id,client_id,org_id","1","TRUE","src/lib/db/schema.ts:3664","api/ai/team"
"pcrjmlpuqsbocqfwoxod","compliance","audit_logs","Unified immutable activity log; action is free text","PK:id|FK:api_key_id,user_id","8595","TRUE","src/lib/db/schema.ts:694","src/lib/services"
"pcrjmlpuqsbocqfwoxod","compliance","audit_points","UNKNOWN","PK:id|FK:assigned_to_id,client_id,compliance_item_id","39","TRUE","src/lib/db/schema.ts:396","app/(app)/checklists"
"pcrjmlpuqsbocqfwoxod","compliance","audit_protocol_findings","Audit PROTOCOL findings store","PK:id","0","TRUE","src/lib/db/schema.ts:12307","api/ai/team"
"pcrjmlpuqsbocqfwoxod","compliance","auth_failure_events","Unified auth-failure log across all login methods","PK:id","80","TRUE","src/lib/db/schema.ts:3867","src/lib/services"
"pcrjmlpuqsbocqfwoxod","compliance","bcm_business_impact_analyses","BCM business impact analysis","PK:id|FK:plan_id","0","TRUE","src/lib/db/schema.ts:3749","src/lib/services"
"pcrjmlpuqsbocqfwoxod","compliance","bcm_exercises","UNKNOWN","PK:id|FK:plan_id","0","TRUE","src/lib/db/schema.ts:3771","src/lib/services"
"pcrjmlpuqsbocqfwoxod","compliance","bcm_plans","UNKNOWN","PK:id|FK:client_id,org_id","0","TRUE","src/lib/db/schema.ts:3731","api/bcm/route.ts"
"pcrjmlpuqsbocqfwoxod","compliance","bcm_recovery_procedures","UNKNOWN","PK:id|FK:plan_id","0","TRUE","src/lib/db/schema.ts:3761","src/lib/services"
"pcrjmlpuqsbocqfwoxod","compliance","billing_contracts","R65 Part E billing contracts","PK:id|FK:approved_by,org_id,product_id","0","TRUE","src/lib/db/schema.ts:10439","src/lib/services"
"pcrjmlpuqsbocqfwoxod","compliance","billing_products","Billing Engine Formula 1/2 product catalogue","PK:id","2","TRUE","src/lib/db/schema.ts:10331","src/lib/services"
"pcrjmlpuqsbocqfwoxod","compliance","billing_rates","Versioned rate card; null org_id = standard rate","PK:id|FK:approved_by,contract_id,org_id","0","TRUE","src/lib/db/schema.ts:10353","src/lib/services"
"pcrjmlpuqsbocqfwoxod","compliance","board_action_items","UNKNOWN","PK:id|FK:board_meeting_id,client_id,org_id","0","TRUE","src/lib/db/schema.ts:3155","api/board/route.ts"
"pcrjmlpuqsbocqfwoxod","compliance","board_evaluations","UNKNOWN","PK:id|FK:client_id,org_id","0","TRUE","src/lib/db/schema.ts:3224","api/board-evaluation/route.ts"
"pcrjmlpuqsbocqfwoxod","compliance","board_meetings","UNKNOWN","PK:id|FK:client_id,created_by_id,org_id","14","TRUE","src/lib/db/schema.ts:3137","api/board/route.ts"
"pcrjmlpuqsbocqfwoxod","compliance","branches","Customer-account hierarchy: branches","PK:id|FK:org_id","0","TRUE","src/lib/db/schema.ts:170","src/lib/services"
"pcrjmlpuqsbocqfwoxod","compliance","business_hours_schedules","UNKNOWN","PK:id|FK:org_id","0","TRUE","src/lib/db/schema.ts:6030","src/lib/services"
"pcrjmlpuqsbocqfwoxod","compliance","business_rule_test_runs","UNKNOWN","PK:id","0","TRUE","src/lib/db/schema.ts:12807","api/business-rules/[id]"
"pcrjmlpuqsbocqfwoxod","compliance","business_rule_versions","UNKNOWN","PK:id","0","TRUE","src/lib/db/schema.ts:12794","src/lib/services"
"pcrjmlpuqsbocqfwoxod","compliance","business_rules","UNKNOWN","PK:id","0","TRUE","src/lib/db/schema.ts:12771","src/lib/services"
"pcrjmlpuqsbocqfwoxod","compliance","business_terminology_glossary","Business terminology glossary (explainability)","PK:id|FK:org_id","10","TRUE","src/lib/db/schema.ts:4984","src/lib/services"
"pcrjmlpuqsbocqfwoxod","compliance","calculation_invocations","Calculation auditability log","PK:id|FK:org_id","2","TRUE","src/lib/db/schema.ts:10530","src/lib/engines"
"pcrjmlpuqsbocqfwoxod","compliance","candidates","UNKNOWN","PK:id|FK:org_id","18","TRUE","src/lib/db/schema.ts:8670","src/lib/services"
"pcrjmlpuqsbocqfwoxod","compliance","cap_table_entries","UNKNOWN","PK:id|FK:client_id,org_id","0","TRUE","src/lib/db/schema.ts:3290","api/cap-table/route.ts"
"pcrjmlpuqsbocqfwoxod","compliance","cap_table_events","UNKNOWN","PK:id|FK:client_id,org_id,recorded_by_id","0","TRUE","src/lib/db/schema.ts:3302","api/cap-table/events"
"pcrjmlpuqsbocqfwoxod","compliance","chain_history","Pill-chain history; full_chain TEXT for dedup index","PK:id","9","TRUE","src/lib/db/schema.ts:13637","src/lib/pipeline"
"pcrjmlpuqsbocqfwoxod","compliance","challans","UNKNOWN","PK:id|FK:client_id","0","TRUE","src/lib/db/schema.ts:360","app/(app)/compliance"
"pcrjmlpuqsbocqfwoxod","compliance","chunk_policy","Global chunking config per business-object type","PK:id","3","TRUE","src/lib/db/schema.ts:13781","src/lib/crr"
"pcrjmlpuqsbocqfwoxod","compliance","client_entities","UNKNOWN","PK:id|FK:client_id","27","TRUE","src/lib/db/schema.ts:190","api/clients/route.ts"
"pcrjmlpuqsbocqfwoxod","compliance","client_model_config","Per-client BYO model override (mirrors org level)","PK:id|FK:client_id,orchestra_layer_id","0","TRUE","src/lib/db/schema.ts:2229","src/lib/ai-router"
"pcrjmlpuqsbocqfwoxod","compliance","clients","UNKNOWN","PK:id|FK:branch_id,org_id","27","TRUE","src/lib/db/schema.ts:179","src/lib/services"
"pcrjmlpuqsbocqfwoxod","compliance","clm_clauses","CLM clause library","PK:id|FK:org_id","0","TRUE","src/lib/db/schema.ts:8051","src/lib/services"
"pcrjmlpuqsbocqfwoxod","compliance","clm_contract_templates","UNKNOWN","PK:id|FK:org_id","0","TRUE","src/lib/db/schema.ts:8065","src/lib/services"
"pcrjmlpuqsbocqfwoxod","compliance","clm_template_clauses","UNKNOWN","PK:id|FK:clause_id,template_id","0","TRUE","src/lib/db/schema.ts:8077","src/lib/services"
"pcrjmlpuqsbocqfwoxod","compliance","code_change_requests","Code-change requests on generic maker-checker","PK:id|FK:approval_request_id,org_id","0","TRUE","src/lib/db/schema.ts:4223","api/approvals/[id]"
"pcrjmlpuqsbocqfwoxod","compliance","comments","UNKNOWN","PK:id|FK:author_id,compliance_item_id","36","TRUE","src/lib/db/schema.ts:638","src/lib/services"
"pcrjmlpuqsbocqfwoxod","compliance","committees","UNKNOWN","PK:id|FK:chair_id,client_id,org_id","0","TRUE","src/lib/db/schema.ts:3167","app/(app)/committees"
"pcrjmlpuqsbocqfwoxod","compliance","company_charges","UNKNOWN","PK:id|FK:client_id,org_id","0","TRUE","src/lib/db/schema.ts:3315","api/charges/route.ts"
"pcrjmlpuqsbocqfwoxod","compliance","compliance_costs","UNKNOWN","PK:id|FK:client_id,compliance_item_id,notice_id,org_id","3","TRUE","src/lib/db/schema.ts:578","api/compliance/[id]"
"pcrjmlpuqsbocqfwoxod","compliance","compliance_frameworks","UNKNOWN","PK:id|FK:client_id,org_id","40","TRUE","src/lib/db/schema.ts:3630","api/frameworks/route.ts"
"pcrjmlpuqsbocqfwoxod","compliance","compliance_items","UNKNOWN","PK:id|FK:assigned_to_id,client_id,department_id,org_id","3952","TRUE","src/lib/db/schema.ts:324","src/lib/services"
"pcrjmlpuqsbocqfwoxod","compliance","computation_engines","VCEL deterministic engine registry","PK:id","247","TRUE","src/lib/db/schema.ts:10480","src/lib/engines"
"pcrjmlpuqsbocqfwoxod","compliance","connector_accounts","Per-user OAuth connector accounts (Composio)","PK:id|FK:user_id","0","TRUE","src/lib/db/schema.ts:9992","api/connectors/route.ts"
"pcrjmlpuqsbocqfwoxod","compliance","connector_documents","Connector-sourced documents (Business Digital Twin)","PK:id|FK:source_object_id","0","TRUE","src/lib/db/schema.ts:10025","src/lib/services"
"pcrjmlpuqsbocqfwoxod","compliance","construction_activities","UNKNOWN","PK:id","372","TRUE","src/lib/db/schema.ts:10970","src/lib/services"
"pcrjmlpuqsbocqfwoxod","compliance","construction_attendance","UNKNOWN","PK:id","133","TRUE","src/lib/db/schema.ts:11158","src/lib/services"
"pcrjmlpuqsbocqfwoxod","compliance","construction_boq_categories","Org-editable BOQ category list","PK:id","35","TRUE","src/lib/db/schema.ts:10947","src/lib/services"
"pcrjmlpuqsbocqfwoxod","compliance","construction_boq_line_items","UNKNOWN","PK:id","597","TRUE","src/lib/db/schema.ts:10838","src/lib/services"
"pcrjmlpuqsbocqfwoxod","compliance","construction_boqs","Bill of Quantities; revisions chain via parentBoqId","PK:id","127","TRUE","src/lib/db/schema.ts:10802","src/lib/services"
"pcrjmlpuqsbocqfwoxod","compliance","construction_categories","Work-progress classification hierarchy","PK:id","23","TRUE","src/lib/db/schema.ts:10961","src/lib/services"
"pcrjmlpuqsbocqfwoxod","compliance","construction_change_orders","UNKNOWN","PK:id","35","TRUE","src/lib/db/schema.ts:11548","src/lib/services"
"pcrjmlpuqsbocqfwoxod","compliance","construction_employee_code_counters","Per-org sequence for auto worker numbers","PK:org_id","0","TRUE","src/lib/db/schema.ts:11189","UNKNOWN"
"pcrjmlpuqsbocqfwoxod","compliance","construction_expense_entries","UNKNOWN","PK:id","60","TRUE","src/lib/db/schema.ts:11407","src/lib/services"
"pcrjmlpuqsbocqfwoxod","compliance","construction_interim_bill_line_items","UNKNOWN","PK:id","0","TRUE","src/lib/db/schema.ts:11038","src/lib/services"
"pcrjmlpuqsbocqfwoxod","compliance","construction_interim_bills","Interim/RA billing against BoQ work-progress %","PK:id","0","TRUE","src/lib/db/schema.ts:11022","src/lib/services"
"pcrjmlpuqsbocqfwoxod","compliance","construction_kpi_definitions","UNKNOWN","PK:id","19","TRUE","src/lib/db/schema.ts:11365","src/lib/services"
"pcrjmlpuqsbocqfwoxod","compliance","construction_kpi_entries","UNKNOWN","PK:id","37","TRUE","src/lib/db/schema.ts:11377","src/lib/services"
"pcrjmlpuqsbocqfwoxod","compliance","construction_labour_roster","UNKNOWN","PK:id","76","TRUE","src/lib/db/schema.ts:11144","src/lib/services"
"pcrjmlpuqsbocqfwoxod","compliance","construction_material_issues","Material issue records (R67 D-40)","PK:id|FK:material_id","0","TRUE","src/lib/db/schema.ts:11295","src/lib/services"
"pcrjmlpuqsbocqfwoxod","compliance","construction_material_receipts","UNKNOWN","PK:id|FK:material_id","5","TRUE","src/lib/db/schema.ts:11228","src/lib/services"
"pcrjmlpuqsbocqfwoxod","compliance","construction_materials","Material master + inbound receipts","PK:id","30","TRUE","src/lib/db/schema.ts:11208","src/lib/services"
"pcrjmlpuqsbocqfwoxod","compliance","construction_prevailing_wage_rates","Certified-payroll prevailing wage rates","PK:id","0","TRUE","src/lib/db/schema.ts:11341","src/lib/services"
"pcrjmlpuqsbocqfwoxod","compliance","construction_progress_claims","UNKNOWN","PK:id","0","TRUE","src/lib/db/schema.ts:11061","src/lib/services"
"pcrjmlpuqsbocqfwoxod","compliance","construction_punch_list_items","UNKNOWN","PK:id","66","TRUE","src/lib/db/schema.ts:11528","src/lib/services"
"pcrjmlpuqsbocqfwoxod","compliance","construction_rfis","UNKNOWN","PK:id","106","TRUE","src/lib/db/schema.ts:11458","src/lib/services"
"pcrjmlpuqsbocqfwoxod","compliance","construction_site_diaries","One row per project per day","PK:id","76","TRUE","src/lib/db/schema.ts:11087","src/lib/services"
"pcrjmlpuqsbocqfwoxod","compliance","construction_site_instructions","Site instruction record (schema assumed, unconfirmed)","PK:id","4","TRUE","src/lib/db/schema.ts:11489","src/lib/services"
"pcrjmlpuqsbocqfwoxod","compliance","construction_submittals","UNKNOWN","PK:id","41","TRUE","src/lib/db/schema.ts:11508","src/lib/services"
"pcrjmlpuqsbocqfwoxod","compliance","construction_work_progress_entries","Daily quantity/percent-complete log per activity","PK:id|FK:boq_line_item_id","104","TRUE","src/lib/db/schema.ts:10984","src/lib/services"
"pcrjmlpuqsbocqfwoxod","compliance","contact_submissions","Landing-page lead capture","PK:id","0","TRUE","src/lib/db/schema.ts:9948","src/lib/services"
"pcrjmlpuqsbocqfwoxod","compliance","contract_compliance_items","UNKNOWN","PK:id|FK:client_id,org_id","0","TRUE","src/lib/db/schema.ts:3967","api/contract-compliance/route.ts"
"pcrjmlpuqsbocqfwoxod","compliance","conversation_guest_access","Guest (non-user) chat access grants","PK:id|FK:conversation_id,invited_by_id","0","TRUE","src/lib/db/schema.ts:6242","src/lib/services"
"pcrjmlpuqsbocqfwoxod","compliance","conversation_participants","UNKNOWN","PK:id|FK:conversation_id,user_id","458","TRUE","src/lib/db/schema.ts:4108","src/lib/services"
"pcrjmlpuqsbocqfwoxod","compliance","conversation_share_links","Tokenized time-limited read-only share links","PK:id|FK:conversation_id,created_by_id","0","TRUE","src/lib/db/schema.ts:6216","src/lib/services"
"pcrjmlpuqsbocqfwoxod","compliance","conversations","Serves human threads and per-user VERIDIAN AI thread","PK:id|FK:client_id,org_id","507","TRUE","src/lib/db/schema.ts:4046","src/lib/services"
"pcrjmlpuqsbocqfwoxod","compliance","cost_payments","Append-only payment ledger","PK:id|FK:client_id,compliance_cost_id,org_id","2","TRUE","src/lib/db/schema.ts:603","api/compliance-costs/[id]"
"pcrjmlpuqsbocqfwoxod","compliance","crm_accounts","UNKNOWN","PK:id|FK:converted_from_lead_id,org_id","0","TRUE","src/lib/db/schema.ts:5464","src/lib/services"
"pcrjmlpuqsbocqfwoxod","compliance","crm_activities","UNKNOWN","PK:id|FK:assigned_to_id,created_by_id,org_id","0","TRUE","src/lib/db/schema.ts:5570","src/lib/services"
"pcrjmlpuqsbocqfwoxod","compliance","crm_campaigns","UNKNOWN","PK:id|FK:created_by_id,org_id,owner_id","0","TRUE","src/lib/db/schema.ts:5588","src/lib/services"
"pcrjmlpuqsbocqfwoxod","compliance","crm_contacts","Named person at a CRM account","PK:id|FK:account_id,org_id","0","TRUE","src/lib/db/schema.ts:5536","src/lib/services"
"pcrjmlpuqsbocqfwoxod","compliance","crm_leads","CRM leads (built in-house; SuiteCRM rejected)","PK:id|FK:converted_client_id,org_id","520","TRUE","src/lib/db/schema.ts:5265","src/lib/services"
"pcrjmlpuqsbocqfwoxod","compliance","crm_lost_reasons","UNKNOWN","PK:id|FK:org_id","0","TRUE","src/lib/db/schema.ts:5562","src/lib/services"
"pcrjmlpuqsbocqfwoxod","compliance","crm_opportunities","UNKNOWN","PK:id|FK:client_id,lead_id,org_id","8","TRUE","src/lib/db/schema.ts:5319","src/lib/services"
"pcrjmlpuqsbocqfwoxod","compliance","crm_pipeline_stages","Sales pipeline stage definitions","PK:id|FK:org_id","0","TRUE","src/lib/db/schema.ts:5415","src/lib/services"
"pcrjmlpuqsbocqfwoxod","compliance","crm_sales_targets","Sales targets backing revenue trend dashboard","PK:id","0","TRUE","src/lib/db/schema.ts:5439","src/lib/services"
"pcrjmlpuqsbocqfwoxod","compliance","crm_stage_history","Stage-change ledger for leads and opportunities","PK:id","14","TRUE","src/lib/db/schema.ts:5390","src/lib/services"
"pcrjmlpuqsbocqfwoxod","compliance","crr_erasure_log","Audit trail for right-to-erasure requests","PK:id","0","TRUE","src/lib/db/schema.ts:13791","UNKNOWN"
"pcrjmlpuqsbocqfwoxod","compliance","crr_ingest_error","Per-stage ingest failure log","PK:id","0","TRUE","src/lib/db/schema.ts:13807","src/lib/crr"
"pcrjmlpuqsbocqfwoxod","compliance","custom_charts","Self-serve ad-hoc chart-builder definitions","PK:id|FK:org_id","0","TRUE","src/lib/db/schema.ts:5155","src/lib/services"
"pcrjmlpuqsbocqfwoxod","compliance","customer_model_config","Per-org optionally per-layer BYO model override","PK:id|FK:orchestra_layer_id","0","TRUE","src/lib/db/schema.ts:2150","api/settings/model-config"
"pcrjmlpuqsbocqfwoxod","compliance","data_separation_audit","UNKNOWN","PK:id","388","TRUE","src/lib/db/schema.ts:2646","src/lib/loops"
"pcrjmlpuqsbocqfwoxod","compliance","delegation_of_authority","UNKNOWN","PK:id|FK:client_id,org_id","0","TRUE","src/lib/db/schema.ts:3198","api/doa/route.ts"
"pcrjmlpuqsbocqfwoxod","compliance","departments","UNKNOWN","PK:id|FK:org_id","385","TRUE","src/lib/db/schema.ts:223","src/lib/services"
"pcrjmlpuqsbocqfwoxod","compliance","deployment_events","Deployment webhook receipts","PK:id","0","TRUE","src/lib/db/schema.ts:12255","api/webhooks/vercel-deployment"
"pcrjmlpuqsbocqfwoxod","compliance","directors_kmp","UNKNOWN","PK:id|FK:client_id,org_id","0","TRUE","src/lib/db/schema.ts:3209","api/directors/route.ts"
"pcrjmlpuqsbocqfwoxod","compliance","doc_processing_jobs","On-demand doc-processing job tracking (OCR etc.)","PK:id","0","TRUE","src/lib/db/schema.ts:11900","src/lib/services"
"pcrjmlpuqsbocqfwoxod","compliance","document_chunk","One row per chunk of a source_object's content","PK:id|FK:source_object_id","11","TRUE","src/lib/db/schema.ts:13711","src/lib/crr"
"pcrjmlpuqsbocqfwoxod","compliance","document_correspondents","User-managed correspondent register","PK:id|FK:org_id","0","TRUE","src/lib/db/schema.ts:516","src/lib/services"
"pcrjmlpuqsbocqfwoxod","compliance","document_matching_rules","Org-scoped doc matching rules, priority ordered","PK:id|FK:org_id,target_correspondent_id","0","TRUE","src/lib/db/schema.ts:545","src/lib/services"
"pcrjmlpuqsbocqfwoxod","compliance","documents","Document store; org_id added Wave 7 for RLS coverage","PK:id|FK:client_id,compliance_item_id,notice_id","242","TRUE","src/lib/db/schema.ts:418","src/lib/services"
"pcrjmlpuqsbocqfwoxod","compliance","drafted_communications","Draft-then-approve communication governance","PK:id","0","TRUE","src/lib/db/schema.ts:11984","src/lib/services"
"pcrjmlpuqsbocqfwoxod","compliance","email_intelligence_action_items","UNKNOWN","PK:id|FK:email_intelligence_item_id,task_id","0","TRUE","src/lib/db/schema.ts:11956","src/lib/services"
"pcrjmlpuqsbocqfwoxod","compliance","email_intelligence_items","Inbound-email intelligent work detection","PK:id","0","TRUE","src/lib/db/schema.ts:11928","src/lib/services"
"pcrjmlpuqsbocqfwoxod","compliance","embedding_cache","Embedding cache (Wave 99)","PK:id","27","TRUE","src/lib/db/schema.ts:1117","src/lib/embeddings.ts"
"pcrjmlpuqsbocqfwoxod","compliance","embeddings","pgvector embeddings; vector col managed in raw SQL","PK:id","981","TRUE","src/lib/db/schema.ts:1025","src/lib/services"
"pcrjmlpuqsbocqfwoxod","compliance","employee_profiles","UNKNOWN","PK:id|FK:income_tax_slab_id,org_id,user_id","551","TRUE","src/lib/db/schema.ts:5636","src/lib/services"
"pcrjmlpuqsbocqfwoxod","compliance","engagements","UNKNOWN","PK:id","0","TRUE","UNKNOWN","UNKNOWN"
"pcrjmlpuqsbocqfwoxod","compliance","erp_abc_classifications","Cached ABC/Pareto stock classification snapshot","PK:id|FK:item_id,org_id","0","TRUE","src/lib/db/schema.ts:7965","src/lib/services"
"pcrjmlpuqsbocqfwoxod","compliance","erp_accounting_periods","UNKNOWN","PK:id|FK:closed_by_id,fiscal_year_id,org_id","12","TRUE","src/lib/db/schema.ts:7578","src/lib/services"
"pcrjmlpuqsbocqfwoxod","compliance","erp_accounts","Chart of accounts, tree via parent_account_id","PK:id|FK:currency_id,org_id,parent_account_id","73","TRUE","src/lib/db/schema.ts:6501","src/lib/services"
"pcrjmlpuqsbocqfwoxod","compliance","erp_addresses","Polymorphic address book","PK:id|FK:org_id","0","TRUE","src/lib/db/schema.ts:7167","src/lib/services"
"pcrjmlpuqsbocqfwoxod","compliance","erp_asset_categories","UNKNOWN","PK:id|FK:asset_account_id,org_id","0","TRUE","src/lib/db/schema.ts:6849","src/lib/services"
"pcrjmlpuqsbocqfwoxod","compliance","erp_asset_disposals","UNKNOWN","PK:id|FK:asset_id,created_by_id,journal_entry_id","0","TRUE","src/lib/db/schema.ts:6905","src/lib/services"
"pcrjmlpuqsbocqfwoxod","compliance","erp_asset_movements","UNKNOWN","PK:id|FK:asset_id,from_custodian_id,to_custodian_id","0","TRUE","src/lib/db/schema.ts:6892","src/lib/services"
"pcrjmlpuqsbocqfwoxod","compliance","erp_bank_accounts","UNKNOWN","PK:id|FK:currency_id,gl_account_id,org_id","1","TRUE","src/lib/db/schema.ts:6552","src/lib/services"
"pcrjmlpuqsbocqfwoxod","compliance","erp_bank_statement_imports","UNKNOWN","PK:id|FK:bank_account_id,imported_by_id,org_id","0","TRUE","src/lib/db/schema.ts:8121","api/erp/bank-reconciliation"
"pcrjmlpuqsbocqfwoxod","compliance","erp_bank_statement_lines","UNKNOWN","PK:id|FK:import_id,matched_journal_entry_id,org_id","0","TRUE","src/lib/db/schema.ts:8131","src/lib/services"
"pcrjmlpuqsbocqfwoxod","compliance","erp_budget_line_items","UNKNOWN","PK:id|FK:account_id,budget_id","1","TRUE","src/lib/db/schema.ts:8896","src/lib/services"
"pcrjmlpuqsbocqfwoxod","compliance","erp_budgets","UNKNOWN","PK:id|FK:company_id,cost_center_id,fiscal_year_id","1","TRUE","src/lib/db/schema.ts:8881","src/lib/services"
"pcrjmlpuqsbocqfwoxod","compliance","erp_cash_accounts","UNKNOWN","PK:id|FK:gl_account_id,org_id","0","TRUE","src/lib/db/schema.ts:7808","src/lib/services"
"pcrjmlpuqsbocqfwoxod","compliance","erp_cash_vouchers","UNKNOWN","PK:id|FK:cash_account_id,journal_entry_id,org_id","0","TRUE","src/lib/db/schema.ts:7817","src/lib/services"
"pcrjmlpuqsbocqfwoxod","compliance","erp_companies","Legal entity/company dimension","PK:id|FK:default_currency_id,org_id,parent_company_id","8","TRUE","src/lib/db/schema.ts:7779","src/lib/services"
"pcrjmlpuqsbocqfwoxod","compliance","erp_contacts","UNKNOWN","PK:id|FK:org_id","0","TRUE","src/lib/db/schema.ts:7183","src/lib/services"
"pcrjmlpuqsbocqfwoxod","compliance","erp_contract_amendments","UNKNOWN","PK:id|FK:contract_id","0","TRUE","src/lib/db/schema.ts:9019","src/lib/services"
"pcrjmlpuqsbocqfwoxod","compliance","erp_contract_billing_schedules","UNKNOWN","PK:id|FK:contract_id,last_invoice_id","0","TRUE","src/lib/db/schema.ts:9033","src/lib/services"
"pcrjmlpuqsbocqfwoxod","compliance","erp_contract_negotiation_rounds","UNKNOWN","PK:id|FK:contract_id,org_id","0","TRUE","src/lib/db/schema.ts:8085","src/lib/services"
"pcrjmlpuqsbocqfwoxod","compliance","erp_contract_obligations","UNKNOWN","PK:id|FK:contract_id","0","TRUE","src/lib/db/schema.ts:9062","src/lib/services"
"pcrjmlpuqsbocqfwoxod","compliance","erp_contract_revenue_schedules","IFRS15/ASC606 revenue recognition schedule","PK:id|FK:contract_id,journal_entry_id","0","TRUE","src/lib/db/schema.ts:9050","src/lib/services"
"pcrjmlpuqsbocqfwoxod","compliance","erp_contracts","UNKNOWN","PK:id|FK:currency_id,customer_id,org_id,template_id","0","TRUE","src/lib/db/schema.ts:8995","src/lib/services"
"pcrjmlpuqsbocqfwoxod","compliance","erp_cost_centers","UNKNOWN","PK:id|FK:department_id,org_id,project_id","6","TRUE","src/lib/db/schema.ts:7793","src/lib/services"
"pcrjmlpuqsbocqfwoxod","compliance","erp_currencies","UNKNOWN","PK:id|FK:org_id","14","TRUE","src/lib/db/schema.ts:6526","src/lib/services"
"pcrjmlpuqsbocqfwoxod","compliance","erp_customers","UNKNOWN","PK:id|FK:client_id,org_id","59","TRUE","src/lib/db/schema.ts:7147","src/lib/services"
"pcrjmlpuqsbocqfwoxod","compliance","erp_cycle_count_lines","UNKNOWN","PK:id|FK:item_id,plan_id","0","TRUE","src/lib/db/schema.ts:7985","src/lib/services"
"pcrjmlpuqsbocqfwoxod","compliance","erp_cycle_count_plans","UNKNOWN","PK:id|FK:org_id,warehouse_id","0","TRUE","src/lib/db/schema.ts:7974","src/lib/services"
"pcrjmlpuqsbocqfwoxod","compliance","erp_delivery_note_items","UNKNOWN","PK:id|FK:delivery_note_id,item_id,warehouse_id","0","TRUE","src/lib/db/schema.ts:7326","UNKNOWN"
"pcrjmlpuqsbocqfwoxod","compliance","erp_delivery_notes","UNKNOWN","PK:id|FK:customer_id,org_id,sales_order_id","0","TRUE","src/lib/db/schema.ts:7314","UNKNOWN"
"pcrjmlpuqsbocqfwoxod","compliance","erp_depreciation_schedules","UNKNOWN","PK:id|FK:asset_id,journal_entry_id","0","TRUE","src/lib/db/schema.ts:6882","src/lib/services"
"pcrjmlpuqsbocqfwoxod","compliance","erp_e_invoice_logs","E-invoicing/IRN log","PK:id|FK:created_by_id,org_id,reference_id","0","TRUE","src/lib/db/schema.ts:6747","src/lib/services"
"pcrjmlpuqsbocqfwoxod","compliance","erp_employee_tax_exemptions","Flat employee tax declaration list","PK:id|FK:employee_id,org_id","0","TRUE","src/lib/db/schema.ts:8474","src/lib/services"
"pcrjmlpuqsbocqfwoxod","compliance","erp_exchange_rates","UNKNOWN","PK:id|FK:from_currency_id,org_id,to_currency_id","0","TRUE","src/lib/db/schema.ts:6536","src/lib/services"
"pcrjmlpuqsbocqfwoxod","compliance","erp_fiscal_years","UNKNOWN","PK:id|FK:org_id","8","TRUE","src/lib/db/schema.ts:6516","src/lib/services"
"pcrjmlpuqsbocqfwoxod","compliance","erp_fixed_assets","UNKNOWN","PK:id|FK:asset_category_id,department_id,org_id","0","TRUE","src/lib/db/schema.ts:6861","src/lib/services"
"pcrjmlpuqsbocqfwoxod","compliance","erp_income_tax_slab_rates","UNKNOWN","PK:id|FK:slab_id","0","TRUE","src/lib/db/schema.ts:8461","src/lib/services"
"pcrjmlpuqsbocqfwoxod","compliance","erp_income_tax_slabs","Payroll TDS slab master","PK:id|FK:org_id","0","TRUE","src/lib/db/schema.ts:8451","src/lib/services"
"pcrjmlpuqsbocqfwoxod","compliance","erp_item_batches","UNKNOWN","PK:id|FK:item_id,org_id","0","TRUE","src/lib/db/schema.ts:8552","src/lib/services"
"pcrjmlpuqsbocqfwoxod","compliance","erp_item_groups","UNKNOWN","PK:id|FK:org_id,parent_group_id","3","TRUE","src/lib/db/schema.ts:7347","src/lib/services"
"pcrjmlpuqsbocqfwoxod","compliance","erp_item_serials","UNKNOWN","PK:id|FK:item_id,org_id,warehouse_id","0","TRUE","src/lib/db/schema.ts:8562","src/lib/services"
"pcrjmlpuqsbocqfwoxod","compliance","erp_item_uom_conversions","UNKNOWN","PK:id|FK:item_id,org_id","0","TRUE","src/lib/db/schema.ts:8543","src/lib/services"
"pcrjmlpuqsbocqfwoxod","compliance","erp_items","UNKNOWN","PK:id|FK:item_group_id,org_id","39","TRUE","src/lib/db/schema.ts:7355","src/lib/services"
"pcrjmlpuqsbocqfwoxod","compliance","erp_journal_entries","UNKNOWN","PK:id|FK:company_id,org_id","3","TRUE","src/lib/db/schema.ts:6582","src/lib/services"
"pcrjmlpuqsbocqfwoxod","compliance","erp_journal_entry_lines","UNKNOWN","PK:id|FK:account_id,cost_center_id,journal_entry_id","8","TRUE","src/lib/db/schema.ts:6609","src/lib/services"
"pcrjmlpuqsbocqfwoxod","compliance","erp_landed_cost_allocations","UNKNOWN","PK:id|FK:org_id,receipt_item_id,voucher_id","0","TRUE","src/lib/db/schema.ts:7137","src/lib/services"
"pcrjmlpuqsbocqfwoxod","compliance","erp_landed_cost_charges","UNKNOWN","PK:id|FK:org_id,voucher_id","0","TRUE","src/lib/db/schema.ts:7128","src/lib/services"
"pcrjmlpuqsbocqfwoxod","compliance","erp_landed_cost_vouchers","Freight/customs charges allocated to a receipt","PK:id|FK:org_id,purchase_receipt_id","0","TRUE","src/lib/db/schema.ts:7119","src/lib/services"
"pcrjmlpuqsbocqfwoxod","compliance","erp_payment_entries","UNKNOWN","PK:id|FK:bank_account_id,journal_entry_id,org_id","0","TRUE","src/lib/db/schema.ts:6635","src/lib/services"
"pcrjmlpuqsbocqfwoxod","compliance","erp_payroll_runs","UNKNOWN","PK:id|FK:org_id","4","TRUE","src/lib/db/schema.ts:8409","src/lib/services"
"pcrjmlpuqsbocqfwoxod","compliance","erp_payslip_lines","UNKNOWN","PK:id|FK:component_id,payslip_id","165","TRUE","src/lib/db/schema.ts:8432","src/lib/services"
"pcrjmlpuqsbocqfwoxod","compliance","erp_payslips","UNKNOWN","PK:id|FK:employee_id,org_id,payroll_run_id","43","TRUE","src/lib/db/schema.ts:8420","src/lib/services"
"pcrjmlpuqsbocqfwoxod","compliance","erp_period_closing_checklist_items","Per-period month-end close checklist","PK:id|FK:org_id,period_id","0","TRUE","src/lib/db/schema.ts:7607","src/lib/services"
"pcrjmlpuqsbocqfwoxod","compliance","erp_pricing_rules","UNKNOWN","PK:id|FK:org_id","0","TRUE","src/lib/db/schema.ts:8623","src/lib/services"
"pcrjmlpuqsbocqfwoxod","compliance","erp_purchase_credit_note_items","UNKNOWN","PK:id|FK:credit_note_id,item_id","0","TRUE","src/lib/db/schema.ts:7878","src/lib/services"
"pcrjmlpuqsbocqfwoxod","compliance","erp_purchase_credit_notes","UNKNOWN","PK:id|FK:journal_entry_id,org_id,purchase_invoice_id","0","TRUE","src/lib/db/schema.ts:7863","src/lib/services"
"pcrjmlpuqsbocqfwoxod","compliance","erp_purchase_invoice_items","UNKNOWN","PK:id|FK:invoice_id,item_id,tax_template_id","5","TRUE","src/lib/db/schema.ts:6834","src/lib/services"
"pcrjmlpuqsbocqfwoxod","compliance","erp_purchase_invoices","UNKNOWN","PK:id|FK:company_id,currency_id,journal_entry_id,org_id","5","TRUE","src/lib/db/schema.ts:6785","src/lib/services"
"pcrjmlpuqsbocqfwoxod","compliance","erp_purchase_order_items","UNKNOWN","PK:id|FK:item_id,purchase_order_id","72","TRUE","src/lib/db/schema.ts:7068","src/lib/services"
"pcrjmlpuqsbocqfwoxod","compliance","erp_purchase_orders","UNKNOWN","PK:id|FK:org_id,supplier_id","37","TRUE","src/lib/db/schema.ts:7033","src/lib/services"
"pcrjmlpuqsbocqfwoxod","compliance","erp_purchase_receipt_items","UNKNOWN","PK:id|FK:item_id,receipt_id,warehouse_id","13","TRUE","src/lib/db/schema.ts:7098","src/lib/services"
"pcrjmlpuqsbocqfwoxod","compliance","erp_purchase_receipts","UNKNOWN","PK:id|FK:org_id,purchase_order_id,supplier_id","13","TRUE","src/lib/db/schema.ts:7079","src/lib/services"
"pcrjmlpuqsbocqfwoxod","compliance","erp_purchase_requisition_items","UNKNOWN","PK:id|FK:item_id,requisition_id","0","TRUE","src/lib/db/schema.ts:8177","src/lib/services"
"pcrjmlpuqsbocqfwoxod","compliance","erp_purchase_requisitions","UNKNOWN","PK:id|FK:department_id,org_id,requested_by_id","0","TRUE","src/lib/db/schema.ts:8165","src/lib/services"
"pcrjmlpuqsbocqfwoxod","compliance","erp_purchase_return_items","UNKNOWN","PK:id|FK:item_id,return_id","0","TRUE","src/lib/db/schema.ts:8856","src/lib/services"
"pcrjmlpuqsbocqfwoxod","compliance","erp_purchase_returns","UNKNOWN","PK:id|FK:credit_note_id,org_id,purchase_invoice_id","0","TRUE","src/lib/db/schema.ts:8841","src/lib/services"
"pcrjmlpuqsbocqfwoxod","compliance","erp_quotation_items","UNKNOWN","PK:id|FK:item_id,quotation_id","28","TRUE","src/lib/db/schema.ts:7255","src/lib/services"
"pcrjmlpuqsbocqfwoxod","compliance","erp_quotations","UNKNOWN","PK:id|FK:customer_id,lead_id,org_id","12","TRUE","src/lib/db/schema.ts:7196","src/lib/services"
"pcrjmlpuqsbocqfwoxod","compliance","erp_reorder_levels","Replenishment reorder levels","PK:id|FK:item_id,org_id,warehouse_id","0","TRUE","src/lib/db/schema.ts:7947","src/lib/services"
"pcrjmlpuqsbocqfwoxod","compliance","erp_rfq_auction_bids","UNKNOWN","PK:id|FK:auction_id,org_id,supplier_id","0","TRUE","src/lib/db/schema.ts:8293","src/lib/services"
"pcrjmlpuqsbocqfwoxod","compliance","erp_rfq_items","UNKNOWN","PK:id|FK:item_id,rfq_id","13","TRUE","src/lib/db/schema.ts:8197","src/lib/services"
"pcrjmlpuqsbocqfwoxod","compliance","erp_rfq_negotiation_rounds","Structured negotiation-round log per quotation","PK:id|FK:org_id,quotation_id","0","TRUE","src/lib/db/schema.ts:8261","src/lib/services"
"pcrjmlpuqsbocqfwoxod","compliance","erp_rfq_quotation_scores","UNKNOWN","PK:id|FK:criterion_id,org_id,quotation_id","0","TRUE","src/lib/db/schema.ts:8248","src/lib/services"
"pcrjmlpuqsbocqfwoxod","compliance","erp_rfq_reverse_auctions","Reverse auction with server-enforced undercut bids","PK:id|FK:org_id,rfq_id","0","TRUE","src/lib/db/schema.ts:8278","src/lib/services"
"pcrjmlpuqsbocqfwoxod","compliance","erp_rfq_scoring_criteria","Weighted RFQ scoring criteria","PK:id|FK:org_id,rfq_id","0","TRUE","src/lib/db/schema.ts:8239","src/lib/services"
"pcrjmlpuqsbocqfwoxod","compliance","erp_rfq_suppliers","UNKNOWN","PK:id|FK:rfq_id,supplier_id","13","TRUE","src/lib/db/schema.ts:8205","src/lib/services"
"pcrjmlpuqsbocqfwoxod","compliance","erp_rfqs","UNKNOWN","PK:id|FK:org_id,requisition_id","13","TRUE","src/lib/db/schema.ts:8186","src/lib/services"
"pcrjmlpuqsbocqfwoxod","compliance","erp_salary_components","UNKNOWN","PK:id|FK:org_id","11","TRUE","src/lib/db/schema.ts:8353","src/lib/services"
"pcrjmlpuqsbocqfwoxod","compliance","erp_salary_structure_components","UNKNOWN","PK:id|FK:component_id,structure_id","59","TRUE","src/lib/db/schema.ts:8381","src/lib/services"
"pcrjmlpuqsbocqfwoxod","compliance","erp_salary_structures","UNKNOWN","PK:id|FK:employee_id,org_id","14","TRUE","src/lib/db/schema.ts:8368","src/lib/services"
"pcrjmlpuqsbocqfwoxod","compliance","erp_sales_credit_note_items","UNKNOWN","PK:id|FK:credit_note_id,item_id","0","TRUE","src/lib/db/schema.ts:7853","src/lib/services"
"pcrjmlpuqsbocqfwoxod","compliance","erp_sales_credit_notes","UNKNOWN","PK:id|FK:customer_id,journal_entry_id,org_id","0","TRUE","src/lib/db/schema.ts:7838","src/lib/services"
"pcrjmlpuqsbocqfwoxod","compliance","erp_sales_invoice_items","UNKNOWN","PK:id|FK:invoice_id,item_id,tax_template_id","45","TRUE","src/lib/db/schema.ts:6768","src/lib/services"
"pcrjmlpuqsbocqfwoxod","compliance","erp_sales_invoices","UNKNOWN","PK:id|FK:client_id,company_id,currency_id,customer_id","33","TRUE","src/lib/db/schema.ts:6673","src/lib/services"
"pcrjmlpuqsbocqfwoxod","compliance","erp_sales_order_items","UNKNOWN","PK:id|FK:item_id,sales_order_id","29","TRUE","src/lib/db/schema.ts:7303","src/lib/services"
"pcrjmlpuqsbocqfwoxod","compliance","erp_sales_orders","UNKNOWN","PK:id|FK:customer_id,opportunity_id,org_id","17","TRUE","src/lib/db/schema.ts:7265","src/lib/services"
"pcrjmlpuqsbocqfwoxod","compliance","erp_sales_return_items","UNKNOWN","PK:id|FK:item_id,return_id","0","TRUE","src/lib/db/schema.ts:8832","src/lib/services"
"pcrjmlpuqsbocqfwoxod","compliance","erp_sales_returns","UNKNOWN","PK:id|FK:credit_note_id,customer_id,org_id","0","TRUE","src/lib/db/schema.ts:8817","src/lib/services"
"pcrjmlpuqsbocqfwoxod","compliance","erp_statistical_key_figure_postings","UNKNOWN","PK:id","0","TRUE","src/lib/db/schema.ts:8950","src/lib/services"
"pcrjmlpuqsbocqfwoxod","compliance","erp_statistical_key_figure_types","UNKNOWN","PK:id","0","TRUE","src/lib/db/schema.ts:8941","src/lib/services"
"pcrjmlpuqsbocqfwoxod","compliance","erp_statutory_rules","Admin-editable PF/ESI/PT statutory master data","PK:id|FK:org_id","0","TRUE","src/lib/db/schema.ts:8393","src/lib/services"
"pcrjmlpuqsbocqfwoxod","compliance","erp_stock_ledger_entries","Append-only immutable stock ledger","PK:id|FK:item_id,org_id,warehouse_id","12","TRUE","src/lib/db/schema.ts:7387","src/lib/services"
"pcrjmlpuqsbocqfwoxod","compliance","erp_stock_reconciliation_items","UNKNOWN","PK:id|FK:item_id,reconciliation_id","0","TRUE","src/lib/db/schema.ts:7428","UNKNOWN"
"pcrjmlpuqsbocqfwoxod","compliance","erp_stock_reconciliations","UNKNOWN","PK:id|FK:created_by_id,org_id,warehouse_id","0","TRUE","src/lib/db/schema.ts:7418","UNKNOWN"
"pcrjmlpuqsbocqfwoxod","compliance","erp_stock_valuation_layers","FIFO stock valuation layers","PK:id|FK:item_id,org_id,stock_ledger_entry_id","12","TRUE","src/lib/db/schema.ts:7923","src/lib/services"
"pcrjmlpuqsbocqfwoxod","compliance","erp_subscription_plans","UNKNOWN","PK:id|FK:currency_id,org_id","0","TRUE","src/lib/db/schema.ts:9073","src/lib/services"
"pcrjmlpuqsbocqfwoxod","compliance","erp_subscriptions","UNKNOWN","PK:id|FK:contract_id,customer_id,org_id,plan_id","0","TRUE","src/lib/db/schema.ts:9084","src/lib/services"
"pcrjmlpuqsbocqfwoxod","compliance","erp_supplier_bank_accounts","Vendor master bank accounts","PK:id|FK:org_id,supplier_id","0","TRUE","src/lib/db/schema.ts:6969","src/lib/services"
"pcrjmlpuqsbocqfwoxod","compliance","erp_supplier_portal_links","Tokenized revocable vendor self-service portal links","PK:id|FK:org_id,supplier_id","0","TRUE","src/lib/db/schema.ts:7022","src/lib/services"
"pcrjmlpuqsbocqfwoxod","compliance","erp_supplier_qualifications","Append-only supplier qualification audit trail","PK:id|FK:org_id,supplier_id","0","TRUE","src/lib/db/schema.ts:6990","src/lib/services"
"pcrjmlpuqsbocqfwoxod","compliance","erp_supplier_quotation_items","UNKNOWN","PK:id|FK:item_id,quotation_id","19","TRUE","src/lib/db/schema.ts:8224","src/lib/services"
"pcrjmlpuqsbocqfwoxod","compliance","erp_supplier_quotations","UNKNOWN","PK:id|FK:org_id,rfq_id,supplier_id","19","TRUE","src/lib/db/schema.ts:8211","src/lib/services"
"pcrjmlpuqsbocqfwoxod","compliance","erp_supplier_sanction_checks","Append-only sanction/blacklist screening log","PK:id|FK:org_id,supplier_id","0","TRUE","src/lib/db/schema.ts:7008","src/lib/services"
"pcrjmlpuqsbocqfwoxod","compliance","erp_suppliers","UNKNOWN","PK:id|FK:org_id,vendor_risk_profile_id","37","TRUE","src/lib/db/schema.ts:6929","src/lib/services"
"pcrjmlpuqsbocqfwoxod","compliance","erp_tax_template_items","UNKNOWN","PK:id|FK:tax_account_id,tax_template_id","2","TRUE","src/lib/db/schema.ts:6574","src/lib/services"
"pcrjmlpuqsbocqfwoxod","compliance","erp_tax_templates","UNKNOWN","PK:id|FK:org_id","2","TRUE","src/lib/db/schema.ts:6565","src/lib/services"
"pcrjmlpuqsbocqfwoxod","compliance","erp_tax_withholding_categories","Vendor-payment TDS categories","PK:id|FK:org_id","0","TRUE","src/lib/db/schema.ts:8490","src/lib/services"
"pcrjmlpuqsbocqfwoxod","compliance","erp_tax_withholding_rates","UNKNOWN","PK:id|FK:category_id","0","TRUE","src/lib/db/schema.ts:8498","src/lib/services"
"pcrjmlpuqsbocqfwoxod","compliance","erp_warehouses","UNKNOWN","PK:id|FK:org_id,parent_warehouse_id","14","TRUE","src/lib/db/schema.ts:7337","src/lib/services"
"pcrjmlpuqsbocqfwoxod","compliance","escalation_rules","UNKNOWN","PK:id|FK:escalate_to_team_id,org_id,sla_policy_id","0","TRUE","src/lib/db/schema.ts:6057","api/ai/team"
"pcrjmlpuqsbocqfwoxod","compliance","esg_metrics","ESG pillar metrics, mostly computed at read time","PK:id|FK:client_id,org_id","30","TRUE","src/lib/db/schema.ts:3704","api/esg/route.ts"
"pcrjmlpuqsbocqfwoxod","compliance","esignature_requests","eSignature requests (CLM + DMS)","PK:id|FK:org_id","0","TRUE","src/lib/db/schema.ts:9133","src/lib/services"
"pcrjmlpuqsbocqfwoxod","compliance","esignature_signers","UNKNOWN","PK:id|FK:org_id,request_id","0","TRUE","src/lib/db/schema.ts:9152","src/lib/services"
"pcrjmlpuqsbocqfwoxod","compliance","extraction_profile","Field specs per business-object type","PK:id","3","TRUE","src/lib/db/schema.ts:13733","UNKNOWN"
"pcrjmlpuqsbocqfwoxod","compliance","field_service_dispatches","On-site visit scheduled against a ticket","PK:id|FK:org_id,ticket_id","0","TRUE","src/lib/db/schema.ts:6111","src/lib/services"
"pcrjmlpuqsbocqfwoxod","compliance","firm_billable_rates","4-tier billable rate resolution","PK:id|FK:client_id,user_id","0","TRUE","src/lib/db/schema.ts:9658","src/lib/services"
"pcrjmlpuqsbocqfwoxod","compliance","firm_client_portal_links","Client portal magic-link access","PK:id","0","TRUE","src/lib/db/schema.ts:9577","src/lib/services"
"pcrjmlpuqsbocqfwoxod","compliance","firm_client_service_lines","UNKNOWN","PK:id|FK:client_id,lead_staff_user_id","0","TRUE","src/lib/db/schema.ts:9499","src/lib/services"
"pcrjmlpuqsbocqfwoxod","compliance","firm_engagement_deliverables","Polymorphic deliverable link to documents","PK:id|FK:assigned_to_id,engagement_id","0","TRUE","src/lib/db/schema.ts:9555","src/lib/services"
"pcrjmlpuqsbocqfwoxod","compliance","firm_engagements","Firm engagements with recurrence and budget hours","PK:id|FK:client_id,lead_partner_user_id","0","TRUE","src/lib/db/schema.ts:9521","src/lib/services"
"pcrjmlpuqsbocqfwoxod","compliance","firm_invoice_line_items","UNKNOWN","PK:id|FK:invoice_id,time_entry_id","0","TRUE","src/lib/db/schema.ts:9686","src/lib/services"
"pcrjmlpuqsbocqfwoxod","compliance","firm_invoices","UNKNOWN","PK:id|FK:client_id,created_by_id,engagement_id","0","TRUE","src/lib/db/schema.ts:9668","src/lib/services"
"pcrjmlpuqsbocqfwoxod","compliance","firm_staff_assignments","UNKNOWN","PK:id|FK:client_id,user_id","0","TRUE","src/lib/db/schema.ts:9618","src/lib/services"
"pcrjmlpuqsbocqfwoxod","compliance","firm_tax_cases","Indian tax notice/assessment/appeal workflow","PK:id|FK:client_id,linked_notice_id","0","TRUE","src/lib/db/schema.ts:9597","src/lib/services"
"pcrjmlpuqsbocqfwoxod","compliance","firm_time_entries","Firm time entries (parallel to pms_time_entries)","PK:id|FK:client_id,engagement_id,user_id","0","TRUE","src/lib/db/schema.ts:9636","src/lib/services"
"pcrjmlpuqsbocqfwoxod","compliance","fm_amc_contracts","UNKNOWN","PK:id|FK:asset_id,created_by_id,vendor_id","0","TRUE","src/lib/db/schema.ts:9335","src/lib/services"
"pcrjmlpuqsbocqfwoxod","compliance","fm_asset_categories","Platform-governed FM asset category lookup","PK:id","28","TRUE","src/lib/db/schema.ts:9210","src/lib/services"
"pcrjmlpuqsbocqfwoxod","compliance","fm_asset_duplicate_candidates","FM-specific asset dedup candidates","PK:id|FK:asset_id_a,asset_id_b","0","TRUE","src/lib/db/schema.ts:9362","src/lib/services"
"pcrjmlpuqsbocqfwoxod","compliance","fm_assets","UNKNOWN","PK:id|FK:amc_contract_id,category_id,is_duplicate_of","0","TRUE","src/lib/db/schema.ts:9219","src/lib/services"
"pcrjmlpuqsbocqfwoxod","compliance","fm_checklist_template_items","UNKNOWN","PK:id|FK:template_id","0","TRUE","src/lib/db/schema.ts:9270","src/lib/services"
"pcrjmlpuqsbocqfwoxod","compliance","fm_checklist_templates","Platform-owned PPM checklist catalog","PK:id|FK:category_id,created_by_id","0","TRUE","src/lib/db/schema.ts:9257","src/lib/services"
"pcrjmlpuqsbocqfwoxod","compliance","fm_ppm_occurrence_item_results","Per-occurrence checklist tick-marks/readings","PK:id|FK:occurrence_id,template_item_id","0","TRUE","src/lib/db/schema.ts:9323","src/lib/services"
"pcrjmlpuqsbocqfwoxod","compliance","fm_ppm_occurrences","UNKNOWN","PK:id|FK:asset_id,assignee_id,schedule_id","0","TRUE","src/lib/db/schema.ts:9299","src/lib/services"
"pcrjmlpuqsbocqfwoxod","compliance","fm_ppm_schedules","Multi-frequency PPM schedules per asset","PK:id|FK:asset_id,checklist_template_id","0","TRUE","src/lib/db/schema.ts:9285","src/lib/services"
"pcrjmlpuqsbocqfwoxod","compliance","fm_register_digitization_batches","Excel/photo register upload staging batches","PK:id|FK:created_by_id,source_document_id","150","TRUE","src/lib/db/schema.ts:9380","src/lib/services"
"pcrjmlpuqsbocqfwoxod","compliance","fm_register_digitization_rows","UNKNOWN","PK:id|FK:batch_id,committed_asset_id","1425","TRUE","src/lib/db/schema.ts:9393","src/lib/services"
"pcrjmlpuqsbocqfwoxod","compliance","fm_visitor_logs","UNKNOWN","PK:id|FK:host_user_id,logged_by_id,visitor_id","0","TRUE","src/lib/db/schema.ts:9425","src/lib/services"
"pcrjmlpuqsbocqfwoxod","compliance","fm_visitors","Visitor check-in/check-out","PK:id","0","TRUE","src/lib/db/schema.ts:9414","src/lib/services"
"pcrjmlpuqsbocqfwoxod","compliance","forge_project_requests","FORGE intake requests, platform-owned","PK:id","0","TRUE","src/lib/db/schema.ts:9969","src/lib/services"
"pcrjmlpuqsbocqfwoxod","compliance","framework_controls","UNKNOWN","PK:id|FK:client_id,framework_id,org_id","0","TRUE","src/lib/db/schema.ts:3640","api/frameworks/controls"
"pcrjmlpuqsbocqfwoxod","compliance","fraud_cases","Fraud case management","PK:id|FK:org_id","12","TRUE","src/lib/db/schema.ts:3806","src/lib/services"
"pcrjmlpuqsbocqfwoxod","compliance","gap_log","Every L0/L1 router MISS lands here","PK:id|FK:submission_id","8","TRUE","src/lib/db/schema.ts:13491","src/lib/ai"
"pcrjmlpuqsbocqfwoxod","compliance","gst_ai_review_reports","AI narrative risk report over GST findings","PK:id|FK:return_period_id","0","TRUE","src/lib/db/schema.ts:10745","src/lib/services"
"pcrjmlpuqsbocqfwoxod","compliance","gst_canonical_invoice_items","UNKNOWN","PK:id|FK:invoice_id","0","TRUE","src/lib/db/schema.ts:10642","src/lib/services"
"pcrjmlpuqsbocqfwoxod","compliance","gst_canonical_invoices","UNKNOWN","PK:id","0","TRUE","src/lib/db/schema.ts:10618","src/lib/services"
"pcrjmlpuqsbocqfwoxod","compliance","gst_gstin_master","GSTIN checksum + public-lookup cache","PK:id","0","TRUE","src/lib/db/schema.ts:10658","src/lib/services"
"pcrjmlpuqsbocqfwoxod","compliance","gst_hsn_master","HSN/SAC to default GST rate reference","PK:id","15","TRUE","src/lib/db/schema.ts:10673","src/lib/services"
"pcrjmlpuqsbocqfwoxod","compliance","gst_import_batches","UNKNOWN","PK:id","0","TRUE","src/lib/db/schema.ts:10569","src/lib/services"
"pcrjmlpuqsbocqfwoxod","compliance","gst_import_staging_rows","Pre-confirmation import staging rows","PK:id|FK:batch_id","0","TRUE","src/lib/db/schema.ts:10608","src/lib/services"
"pcrjmlpuqsbocqfwoxod","compliance","gst_reconciliation_matches","UNKNOWN","PK:id|FK:run_id","0","TRUE","src/lib/db/schema.ts:10714","src/lib/services"
"pcrjmlpuqsbocqfwoxod","compliance","gst_reconciliation_runs","UNKNOWN","PK:id","0","TRUE","src/lib/db/schema.ts:10695","src/lib/services"
"pcrjmlpuqsbocqfwoxod","compliance","gst_return_periods","UNKNOWN","PK:id","0","TRUE","src/lib/db/schema.ts:10726","src/lib/services"
"pcrjmlpuqsbocqfwoxod","compliance","gst_source_profiles","Learned column mapping per org+client+sourceType","PK:id","0","TRUE","src/lib/db/schema.ts:10594","src/lib/services"
"pcrjmlpuqsbocqfwoxod","compliance","gst_validation_findings","UNKNOWN","PK:id","0","TRUE","src/lib/db/schema.ts:10682","src/lib/services"
"pcrjmlpuqsbocqfwoxod","compliance","holiday_list_filings","UNKNOWN","PK:id|FK:client_id,org_id","0","TRUE","src/lib/db/schema.ts:3527","api/leave-holiday/route.ts"
"pcrjmlpuqsbocqfwoxod","compliance","hr_attendance_records","UNKNOWN","PK:id|FK:leave_request_id,org_id,user_id","0","TRUE","src/lib/db/schema.ts:5865","src/lib/services"
"pcrjmlpuqsbocqfwoxod","compliance","hr_compliance_items","UNKNOWN","PK:id|FK:client_id,org_id","0","TRUE","src/lib/db/schema.ts:3504","api/hr-compliance/route.ts"
"pcrjmlpuqsbocqfwoxod","compliance","hr_employee_loans","UNKNOWN","PK:id|FK:employee_id,org_id","0","TRUE","src/lib/db/schema.ts:5779","src/lib/services"
"pcrjmlpuqsbocqfwoxod","compliance","hr_expense_claims","UNKNOWN","PK:id|FK:org_id,payroll_run_id","0","TRUE","src/lib/db/schema.ts:5732","src/lib/services"
"pcrjmlpuqsbocqfwoxod","compliance","hr_holidays","Org-wide holiday calendar","PK:id|FK:org_id","0","TRUE","src/lib/db/schema.ts:5959","src/lib/services"
"pcrjmlpuqsbocqfwoxod","compliance","hr_loan_installments","Full repayment schedule generated at approval","PK:id|FK:loan_id,payroll_run_id","0","TRUE","src/lib/db/schema.ts:5805","src/lib/services"
"pcrjmlpuqsbocqfwoxod","compliance","hr_shift_roster_assignments","UNKNOWN","PK:id|FK:org_id,shift_type_id","0","TRUE","src/lib/db/schema.ts:5932","src/lib/services"
"pcrjmlpuqsbocqfwoxod","compliance","hr_shift_types","HR shift management / roster types","PK:id|FK:org_id","0","TRUE","src/lib/db/schema.ts:5923","src/lib/services"
"pcrjmlpuqsbocqfwoxod","compliance","incident_log","Errors and fixes (a fix is a solved error)","PK:id","0","TRUE","src/lib/db/schema.ts:13583","UNKNOWN"
"pcrjmlpuqsbocqfwoxod","compliance","incidents","UNKNOWN","PK:id|FK:capa_owner_id,client_id,linked_risk_id,org_id","2","TRUE","src/lib/db/schema.ts:3981","src/lib/services"
"pcrjmlpuqsbocqfwoxod","compliance","ingestion_batches","UNKNOWN","PK:id","0","TRUE","src/lib/db/schema.ts:3066","api/ingest/route.ts"
"pcrjmlpuqsbocqfwoxod","compliance","ingestion_items","UNKNOWN","PK:id","0","TRUE","src/lib/db/schema.ts:3088","api/ingest/route.ts"
"pcrjmlpuqsbocqfwoxod","compliance","installed_products","Installed-product/warranty tracking for tickets","PK:id|FK:org_id","0","TRUE","src/lib/db/schema.ts:6082","app/(app)/tickets"
"pcrjmlpuqsbocqfwoxod","compliance","instruction_commitments","One row per chat instruction with explicit assignee","PK:id|FK:assignee_id,assigner_id,message_id","0","TRUE","src/lib/db/schema.ts:4157","src/lib/services"
"pcrjmlpuqsbocqfwoxod","compliance","instruction_mismatch_detections","Surfaced only to the assigner via RLS","PK:id|FK:commitment_id,related_task_id","0","TRUE","src/lib/db/schema.ts:4175","src/lib/loops"
"pcrjmlpuqsbocqfwoxod","compliance","instruction_packages","Approved Lower-AI instruction packages","PK:id|FK:capability_id","0","TRUE","src/lib/db/schema.ts:12175","src/lib/services"
"pcrjmlpuqsbocqfwoxod","compliance","interior_ffe_items","UNKNOWN","PK:id","23","TRUE","src/lib/db/schema.ts:11694","src/lib/services"
"pcrjmlpuqsbocqfwoxod","compliance","interior_floor_plan_rooms","UNKNOWN","PK:id|FK:floor_plan_id","1","TRUE","src/lib/db/schema.ts:11756","src/lib/services"
"pcrjmlpuqsbocqfwoxod","compliance","interior_floor_plans","2D floor plan editor + 3D walkthrough","PK:id","12","TRUE","src/lib/db/schema.ts:11731","src/lib/services"
"pcrjmlpuqsbocqfwoxod","compliance","interior_furniture_placements","UNKNOWN","PK:id|FK:ffe_item_id,floor_plan_id","1","TRUE","src/lib/db/schema.ts:11769","src/lib/services"
"pcrjmlpuqsbocqfwoxod","compliance","interior_materials","UNKNOWN","PK:id","2","TRUE","src/lib/db/schema.ts:11744","src/lib/services"
"pcrjmlpuqsbocqfwoxod","compliance","interior_mood_board_items","UNKNOWN","PK:id|FK:mood_board_id","20","TRUE","src/lib/db/schema.ts:11681","src/lib/services"
"pcrjmlpuqsbocqfwoxod","compliance","interior_mood_boards","UNKNOWN","PK:id","16","TRUE","src/lib/db/schema.ts:11669","src/lib/services"
"pcrjmlpuqsbocqfwoxod","compliance","interior_sales_package_items","Line items within an interior sales package","PK:id|FK:package_id","0","TRUE","src/lib/db/schema.ts:11848","src/lib/services"
"pcrjmlpuqsbocqfwoxod","compliance","interior_sales_packages","UNKNOWN","PK:id","0","TRUE","src/lib/db/schema.ts:11806","src/lib/services"
"pcrjmlpuqsbocqfwoxod","compliance","interview_feedback","UNKNOWN","PK:id|FK:application_id,interviewer_id,org_id","0","TRUE","src/lib/db/schema.ts:8694","src/lib/services"
"pcrjmlpuqsbocqfwoxod","compliance","ip_portfolio","UNKNOWN","PK:id|FK:client_id,matter_id,org_id","0","TRUE","src/lib/db/schema.ts:3401","api/ip-portfolio/route.ts"
"pcrjmlpuqsbocqfwoxod","compliance","irdai_compliance_items","UNKNOWN","PK:id|FK:client_id,org_id","0","TRUE","src/lib/db/schema.ts:3619","api/irdai/route.ts"
"pcrjmlpuqsbocqfwoxod","compliance","it_dr_backup_verifications","RLS scopes via parent DR plan; no org_id","PK:id|FK:dr_plan_id","0","TRUE","src/lib/db/schema.ts:3892","src/lib/services"
"pcrjmlpuqsbocqfwoxod","compliance","it_dr_failover_tests","UNKNOWN","PK:id|FK:dr_plan_id","0","TRUE","src/lib/db/schema.ts:3902","src/lib/services"
"pcrjmlpuqsbocqfwoxod","compliance","it_dr_plans","UNKNOWN","PK:id|FK:org_id","0","TRUE","src/lib/db/schema.ts:3875","src/lib/services"
"pcrjmlpuqsbocqfwoxod","compliance","job_applications","UNKNOWN","PK:id|FK:candidate_id,job_opening_id,org_id","0","TRUE","src/lib/db/schema.ts:8680","src/lib/services"
"pcrjmlpuqsbocqfwoxod","compliance","job_openings","UNKNOWN","PK:id|FK:department_id,org_id","15","TRUE","src/lib/db/schema.ts:8656","src/lib/services"
"pcrjmlpuqsbocqfwoxod","compliance","knowledge_base_pages","Knowledge Base page hierarchy","PK:id|FK:org_id,parent_page_id","2","TRUE","src/lib/db/schema.ts:4955","src/lib/services"
"pcrjmlpuqsbocqfwoxod","compliance","knowledge_flow_log","UNKNOWN","PK:id","0","TRUE","src/lib/db/schema.ts:2631","src/lib/loops"
"pcrjmlpuqsbocqfwoxod","compliance","leave_balances","UNKNOWN","PK:id|FK:org_id,user_id","46","TRUE","src/lib/db/schema.ts:5690","src/lib/services"
"pcrjmlpuqsbocqfwoxod","compliance","leave_policy_entries","UNKNOWN","PK:id|FK:client_id,org_id","0","TRUE","src/lib/db/schema.ts:3517","api/leave-holiday/route.ts"
"pcrjmlpuqsbocqfwoxod","compliance","leave_requests","UNKNOWN","PK:id|FK:approver_id,org_id,user_id","21","TRUE","src/lib/db/schema.ts:5666","src/lib/services"
"pcrjmlpuqsbocqfwoxod","compliance","legal_arbitration_cases","UNKNOWN","PK:id|FK:matter_id","0","TRUE","src/lib/db/schema.ts:3465","src/lib/services"
"pcrjmlpuqsbocqfwoxod","compliance","legal_matters","Unified legal matter register","PK:id|FK:org_id","2","TRUE","src/lib/db/schema.ts:3448","src/components/AppSidebar.tsx"
"pcrjmlpuqsbocqfwoxod","compliance","legal_opinions","Legal opinion drafting with templates","PK:id|FK:client_id,matter_id,org_id","0","TRUE","src/lib/db/schema.ts:3420","src/lib/services"
"pcrjmlpuqsbocqfwoxod","compliance","legal_spend_entries","UNKNOWN","PK:id|FK:matter_id,vendor_id","0","TRUE","src/lib/db/schema.ts:3479","src/lib/services"
"pcrjmlpuqsbocqfwoxod","compliance","legal_vendors","UNKNOWN","PK:id|FK:client_id,org_id","0","TRUE","src/lib/db/schema.ts:3368","api/legal-vendors/route.ts"
"pcrjmlpuqsbocqfwoxod","compliance","litigation_matters","UNKNOWN","PK:id|FK:client_id,linked_notice_id,matter_id,org_id","0","TRUE","src/lib/db/schema.ts:3384","api/litigation/route.ts"
"pcrjmlpuqsbocqfwoxod","compliance","llm_response_cache","LLM response cache (distinct from embedding cache)","PK:id","0","TRUE","src/lib/db/schema.ts:9898","api/internal/loops"
"pcrjmlpuqsbocqfwoxod","compliance","loop_definitions","Platform-operational self-improvement loop defs","PK:id","15","TRUE","src/lib/db/schema.ts:2576","api/internal/loops"
"pcrjmlpuqsbocqfwoxod","compliance","loop_executions","UNKNOWN","PK:id|FK:loop_id","484","TRUE","src/lib/db/schema.ts:2591","src/lib/loops"
"pcrjmlpuqsbocqfwoxod","compliance","loop_health_metrics","UNKNOWN","PK:id|FK:loop_id","0","TRUE","src/lib/db/schema.ts:2619","UNKNOWN"
"pcrjmlpuqsbocqfwoxod","compliance","loop_improvements","UNKNOWN","PK:id|FK:loop_id","31","TRUE","src/lib/db/schema.ts:2604","src/lib/services"
"pcrjmlpuqsbocqfwoxod","compliance","mca_filings","Tracks preparation/status/SRN of an MCA filing","PK:id|FK:client_id,org_id","0","TRUE","src/lib/db/schema.ts:3351","api/mca-filings/route.ts"
"pcrjmlpuqsbocqfwoxod","compliance","mcp_access_codes","Deprecated; /api/mcp now uses api_keys","PK:id","1","TRUE","src/lib/db/schema.ts:1131","api/mcp/tokens"
"pcrjmlpuqsbocqfwoxod","compliance","mdm_duplicate_candidates","MDM duplicate detection candidates","PK:id|FK:org_id","0","TRUE","src/lib/db/schema.ts:3936","src/lib/services"
"pcrjmlpuqsbocqfwoxod","compliance","mdm_merge_log","UNKNOWN","PK:id|FK:org_id","0","TRUE","src/lib/db/schema.ts:3956","src/lib/services"
"pcrjmlpuqsbocqfwoxod","compliance","memory_records","R65 Part C persistent-memory records","PK:id|FK:engagement_id,superseded_by_id","0","TRUE","src/lib/db/schema.ts:14011","src/lib/services"
"pcrjmlpuqsbocqfwoxod","compliance","memory_sources","Provenance for a memory record; scoped via parent","PK:id|FK:memory_record_id","0","TRUE","src/lib/db/schema.ts:14055","src/lib/services"
"pcrjmlpuqsbocqfwoxod","compliance","memory_store","Generic scoped key/value memory","PK:id","0","TRUE","src/lib/db/schema.ts:13599","UNKNOWN"
"pcrjmlpuqsbocqfwoxod","compliance","memory_versions","Append-only version history of memory records","PK:id|FK:memory_record_id","0","TRUE","src/lib/db/schema.ts:14071","src/lib/services"
"pcrjmlpuqsbocqfwoxod","compliance","message_attachments","Message attachments with context entity link","PK:id|FK:document_id,message_id","0","TRUE","src/lib/db/schema.ts:6203","src/lib/services"
"pcrjmlpuqsbocqfwoxod","compliance","messages","UNKNOWN","PK:id|FK:assistant_id,conversation_id,sender_id","1061","TRUE","src/lib/db/schema.ts:4116","src/lib/services"
"pcrjmlpuqsbocqfwoxod","compliance","metric_alert_rules","Scheduled threshold alerting rules","PK:id|FK:created_by_id,org_id","0","TRUE","src/lib/db/schema.ts:5196","src/lib/services"
"pcrjmlpuqsbocqfwoxod","compliance","module_registry","UNKNOWN","PK:id","44","TRUE","UNKNOWN","UNKNOWN"
"pcrjmlpuqsbocqfwoxod","compliance","module_rule_configs","UNKNOWN","PK:id|FK:created_by_id,module_key","6","TRUE","UNKNOWN","UNKNOWN"
"pcrjmlpuqsbocqfwoxod","compliance","monitor_agents","Narrow monitor agents (Phase 0)","PK:id","7","TRUE","src/lib/db/schema.ts:12356","src/lib/monitors"
"pcrjmlpuqsbocqfwoxod","compliance","monitor_execution_log","Dispatch-completion monitor execution log","PK:id","39","TRUE","src/lib/db/schema.ts:12463","api/internal/dispatch-completion-monitor"
"pcrjmlpuqsbocqfwoxod","compliance","monitor_task_state","Per-(org,task) escalation ownership + retry state","PK:id","0","TRUE","src/lib/db/schema.ts:12410","src/lib/escalation-ladder.ts"
"pcrjmlpuqsbocqfwoxod","compliance","notice_dispatches","Courier/POD proof that a notice reply was filed","PK:id|FK:client_id,notice_id,org_id","0","TRUE","src/lib/db/schema.ts:622","api/notices/[id]"
"pcrjmlpuqsbocqfwoxod","compliance","notices","UNKNOWN","PK:id|FK:client_id","3","TRUE","src/lib/db/schema.ts:377","src/lib/services"
"pcrjmlpuqsbocqfwoxod","compliance","notifications","UNKNOWN","PK:id|FK:user_id","154","TRUE","src/lib/db/schema.ts:649","src/lib/services"
"pcrjmlpuqsbocqfwoxod","compliance","onboarding_steps","UNKNOWN","PK:id","0","TRUE","src/lib/db/schema.ts:1142","UNKNOWN"
"pcrjmlpuqsbocqfwoxod","compliance","orchestra_executions","UNKNOWN","PK:id|FK:orchestra_layer_id,task_id","2621","TRUE","src/lib/db/schema.ts:1563","src/lib/services"
"pcrjmlpuqsbocqfwoxod","compliance","orchestra_layers","UNKNOWN","PK:id","7","TRUE","src/lib/db/schema.ts:1553","src/lib/services"
"pcrjmlpuqsbocqfwoxod","compliance","org_invite_links","Second invitation path alongside admin-direct-add","PK:id","0","TRUE","src/lib/db/schema.ts:846","src/lib/invite-link-service.ts"
"pcrjmlpuqsbocqfwoxod","compliance","org_join_code_attempts","Rate-limit log for join-code attempts, keyed by IP","PK:id","158","TRUE","src/lib/db/schema.ts:921","src/lib/org-join-code-service.ts"
"pcrjmlpuqsbocqfwoxod","compliance","org_join_codes","Admin-code self-registration join codes","PK:id","15","TRUE","src/lib/db/schema.ts:874","src/lib/org-join-code-service.ts"
"pcrjmlpuqsbocqfwoxod","compliance","org_product_branch_enablements","Which orgs adopted which product branch","PK:id|FK:enabled_by_id,org_id,product_branch_id","639","TRUE","src/lib/db/schema.ts:4385","src/lib/services"
"pcrjmlpuqsbocqfwoxod","compliance","organisations","VERIDIAN tenant root (customer account)","PK:id|FK:primary_product_branch_id,subscription_plan_id","278","TRUE","src/lib/db/schema.ts:41","src/lib/services"
"pcrjmlpuqsbocqfwoxod","compliance","passcode_login_attempts","Rate-limit log for passcode login","PK:id","18","TRUE","src/lib/db/schema.ts:957","src/lib/passcode-login-service.ts"
"pcrjmlpuqsbocqfwoxod","compliance","performance_review_cycles","UNKNOWN","PK:id|FK:created_by_id,org_id","1","TRUE","src/lib/db/schema.ts:8708","src/lib/services"
"pcrjmlpuqsbocqfwoxod","compliance","performance_review_goals","UNKNOWN","PK:id|FK:org_id,review_id","0","TRUE","src/lib/db/schema.ts:8768","src/lib/services"
"pcrjmlpuqsbocqfwoxod","compliance","performance_review_raters","UNKNOWN","PK:id|FK:org_id,review_id","0","TRUE","src/lib/db/schema.ts:8781","src/lib/services"
"pcrjmlpuqsbocqfwoxod","compliance","performance_reviews","UNKNOWN","PK:id|FK:cycle_id,employee_profile_id,org_id","3","TRUE","src/lib/db/schema.ts:8719","src/lib/services"
"pcrjmlpuqsbocqfwoxod","compliance","phrase_map","Phrase-to-intent map for the router pipeline","PK:id","186","TRUE","src/lib/db/schema.ts:13476","src/lib/pipeline"
"pcrjmlpuqsbocqfwoxod","compliance","pill_usage","UNKNOWN","PK:id","23","TRUE","src/lib/db/schema.ts:13621","src/lib/pipeline"
"pcrjmlpuqsbocqfwoxod","compliance","pipeline_tasks","UNKNOWN","PK:id|FK:depends_on,submission_id","38","TRUE","src/lib/db/schema.ts:13384","src/lib/pipeline"
"pcrjmlpuqsbocqfwoxod","compliance","platform_applications","One row per sibling product allowed to provision","PK:id","1","TRUE","src/lib/db/schema.ts:827","src/lib/supabase"
"pcrjmlpuqsbocqfwoxod","compliance","platform_assets","Typed node store for the knowledge graph","PK:id|FK:parent_asset_id","10702","TRUE","src/lib/db/schema.ts:12048","src/lib/services"
"pcrjmlpuqsbocqfwoxod","compliance","platform_billing_invoices","UNKNOWN","PK:id|FK:org_id,plan_id","0","TRUE","src/lib/db/schema.ts:10293","src/lib/services"
"pcrjmlpuqsbocqfwoxod","compliance","platform_billing_plans","Per-user AI subscription / pricing plans","PK:id","3","TRUE","src/lib/db/schema.ts:10269","src/lib/services"
"pcrjmlpuqsbocqfwoxod","compliance","pm_team_members","Team membership roster","PK:id|FK:team_id,user_id","0","TRUE","src/lib/db/schema.ts:13133","src/lib/services"
"pcrjmlpuqsbocqfwoxod","compliance","pm_teams","UNKNOWN","PK:id|FK:lead_user_id,org_id","0","TRUE","src/lib/db/schema.ts:13119","src/lib/services"
"pcrjmlpuqsbocqfwoxod","compliance","pms_baseline_issue_snapshots","UNKNOWN","PK:id|FK:baseline_id","178","TRUE","src/lib/db/schema.ts:4908","src/lib/services"
"pcrjmlpuqsbocqfwoxod","compliance","pms_billable_rates","UNKNOWN","PK:id|FK:org_id,user_id","0","TRUE","src/lib/db/schema.ts:4705","src/lib/services"
"pcrjmlpuqsbocqfwoxod","compliance","pms_budget_line_items","UNKNOWN","PK:id|FK:budget_id,user_id","0","TRUE","src/lib/db/schema.ts:4727","src/lib/services"
"pcrjmlpuqsbocqfwoxod","compliance","pms_budgets","Project budgeting; actuals summed from time entries","PK:id|FK:author_id,org_id,project_id","0","TRUE","src/lib/db/schema.ts:4717","src/lib/services"
"pcrjmlpuqsbocqfwoxod","compliance","pms_estimate_points","UNKNOWN","PK:id|FK:scheme_id","0","TRUE","src/lib/db/schema.ts:4578","src/lib/services"
"pcrjmlpuqsbocqfwoxod","compliance","pms_estimate_schemes","Per-project custom estimate values","PK:id|FK:org_id,project_id","0","TRUE","src/lib/db/schema.ts:4570","src/lib/services"
"pcrjmlpuqsbocqfwoxod","compliance","pms_issue_assignees","UNKNOWN","PK:id|FK:issue_id,user_id","0","TRUE","src/lib/db/schema.ts:4530","src/lib/services"
"pcrjmlpuqsbocqfwoxod","compliance","pms_issue_boq_links","Which BOQ lines a schedule activity delivers","PK:id|FK:issue_id","0","TRUE","src/lib/db/schema.ts:4517","src/lib/services"
"pcrjmlpuqsbocqfwoxod","compliance","pms_issue_labels","UNKNOWN","PK:id|FK:issue_id,label_id","4","TRUE","src/lib/db/schema.ts:4562","src/lib/services"
"pcrjmlpuqsbocqfwoxod","compliance","pms_issue_relations","Typed issue relations, separate from parent/child","PK:id|FK:issue_id,org_id,related_issue_id","61","TRUE","src/lib/db/schema.ts:4539","src/lib/services"
"pcrjmlpuqsbocqfwoxod","compliance","pms_issue_statuses","Per-project customizable issue statuses","PK:id|FK:org_id,project_id","77","TRUE","src/lib/db/schema.ts:4418","src/lib/services"
"pcrjmlpuqsbocqfwoxod","compliance","pms_issue_types","Org-wide issue-type taxonomy","PK:id|FK:org_id","13","TRUE","src/lib/db/schema.ts:4403","src/lib/services"
"pcrjmlpuqsbocqfwoxod","compliance","pms_issues","UNKNOWN","PK:id|FK:assignee_id,client_id,milestone_id,project_id","106","TRUE","src/lib/db/schema.ts:4451","src/lib/services"
"pcrjmlpuqsbocqfwoxod","compliance","pms_labels","UNKNOWN","PK:id|FK:org_id,project_id","4","TRUE","src/lib/db/schema.ts:4553","src/lib/services"
"pcrjmlpuqsbocqfwoxod","compliance","pms_meeting_agenda_items","UNKNOWN","PK:id|FK:issue_id,meeting_id","36","TRUE","src/lib/db/schema.ts:4751","src/lib/services"
"pcrjmlpuqsbocqfwoxod","compliance","pms_meeting_outcomes","UNKNOWN","PK:id|FK:meeting_id","17","TRUE","src/lib/db/schema.ts:4760","src/lib/services"
"pcrjmlpuqsbocqfwoxod","compliance","pms_meeting_participants","UNKNOWN","PK:id|FK:meeting_id,user_id","6","TRUE","src/lib/db/schema.ts:4767","src/lib/services"
"pcrjmlpuqsbocqfwoxod","compliance","pms_meetings","Project-scoped meetings with structured agenda","PK:id|FK:org_id,project_id","18","TRUE","src/lib/db/schema.ts:4740","src/lib/services"
"pcrjmlpuqsbocqfwoxod","compliance","pms_milestones","Date-boxed release marker issues link to","PK:id|FK:org_id,project_id","2","TRUE","src/lib/db/schema.ts:4587","src/lib/services"
"pcrjmlpuqsbocqfwoxod","compliance","pms_resource_allocations","Planned allocation (actuals live in time entries)","PK:id","2","TRUE","src/lib/db/schema.ts:4921","src/lib/services"
"pcrjmlpuqsbocqfwoxod","compliance","pms_saved_views","Saved filter/sort/display configs","PK:id|FK:org_id,owned_by_id,project_id","0","TRUE","src/lib/db/schema.ts:4628","src/lib/services"
"pcrjmlpuqsbocqfwoxod","compliance","pms_schedule_baselines","Gantt/critical-path schedule baselines","PK:id","15","TRUE","src/lib/db/schema.ts:4899","src/lib/services"
"pcrjmlpuqsbocqfwoxod","compliance","pms_sprint_issues","UNKNOWN","PK:id|FK:issue_id,sprint_id","5","TRUE","src/lib/db/schema.ts:4616","src/lib/services"
"pcrjmlpuqsbocqfwoxod","compliance","pms_sprints","Sprints (Scrum terminology)","PK:id|FK:org_id,project_id","12","TRUE","src/lib/db/schema.ts:4602","src/lib/services"
"pcrjmlpuqsbocqfwoxod","compliance","pms_time_entries","UNKNOWN","PK:id|FK:invoice_item_id,issue_id,org_id,user_id","20","TRUE","src/lib/db/schema.ts:4677","src/lib/services"
"pcrjmlpuqsbocqfwoxod","compliance","pms_wiki_pages","General-purpose wiki, separate from documents","PK:id|FK:org_id,parent_page_id,project_id","2","TRUE","src/lib/db/schema.ts:4647","src/lib/services"
"pcrjmlpuqsbocqfwoxod","compliance","pms_workflow_transitions","Optional per-type/per-role transition constraints","PK:id|FK:from_status_id,issue_type_id,to_status_id","0","TRUE","src/lib/db/schema.ts:4441","src/lib/services"
"pcrjmlpuqsbocqfwoxod","compliance","policies","Policy/SOP register","PK:id|FK:client_id,org_id","12","TRUE","src/lib/db/schema.ts:3249","src/lib/services"
"pcrjmlpuqsbocqfwoxod","compliance","posh_annual_reports","UNKNOWN","PK:id|FK:client_id,org_id","0","TRUE","src/lib/db/schema.ts:3562","api/posh/route.ts"
"pcrjmlpuqsbocqfwoxod","compliance","posh_committee","UNKNOWN","PK:id|FK:client_id,org_id","4","TRUE","src/lib/db/schema.ts:3537","api/posh/route.ts"
"pcrjmlpuqsbocqfwoxod","compliance","posh_complaints","Case reference only; detail deliberately excluded","PK:id|FK:client_id,org_id,recorded_by_id","0","TRUE","src/lib/db/schema.ts:3550","api/posh/route.ts"
"pcrjmlpuqsbocqfwoxod","compliance","post_audience_members","UNKNOWN","PK:id","0","TRUE","src/lib/db/schema.ts:13925","src/lib/services"
"pcrjmlpuqsbocqfwoxod","compliance","post_comments","UNKNOWN","PK:id","0","TRUE","src/lib/db/schema.ts:13943","src/lib/services"
"pcrjmlpuqsbocqfwoxod","compliance","post_reactions","UNKNOWN","PK:id","0","TRUE","src/lib/db/schema.ts:13932","src/lib/services"
"pcrjmlpuqsbocqfwoxod","compliance","posts","UNKNOWN","PK:id","0","TRUE","src/lib/db/schema.ts:13909","src/lib/services"
"pcrjmlpuqsbocqfwoxod","compliance","precedent","Semantic-similarity reuse tier","PK:id","0","TRUE","src/lib/db/schema.ts:13751","src/lib/services"
"pcrjmlpuqsbocqfwoxod","compliance","problem_records","ITIL problem management / RCA grouping","PK:id|FK:org_id","0","TRUE","src/lib/db/schema.ts:6128","src/lib/rca-closure-gate.ts"
"pcrjmlpuqsbocqfwoxod","compliance","problem_tickets","UNKNOWN","PK:id|FK:problem_id,ticket_id","0","TRUE","src/lib/db/schema.ts:6140","src/lib/services"
"pcrjmlpuqsbocqfwoxod","compliance","product_branch_modules","UNKNOWN","PK:id|FK:module_key,product_branch_id","40","TRUE","UNKNOWN","UNKNOWN"
"pcrjmlpuqsbocqfwoxod","compliance","product_branches","UNKNOWN","PK:id","2","TRUE","UNKNOWN","UNKNOWN"
"pcrjmlpuqsbocqfwoxod","compliance","products","Layer-2 product/project scope, distinct from clients","PK:id|FK:org_id","24","TRUE","src/lib/db/schema.ts:4241","src/lib/services"
"pcrjmlpuqsbocqfwoxod","compliance","project_group_projects","UNKNOWN","PK:id|FK:group_id,project_id","0","TRUE","src/lib/db/schema.ts:13156","src/lib/services"
"pcrjmlpuqsbocqfwoxod","compliance","project_groups","Grouping related projects into a program","PK:id|FK:org_id","0","TRUE","src/lib/db/schema.ts:13146","src/lib/services"
"pcrjmlpuqsbocqfwoxod","compliance","project_phases","Per-project phases instantiated from templates","PK:id|FK:org_id,project_id","0","TRUE","src/lib/db/schema.ts:13208","src/lib/services"
"pcrjmlpuqsbocqfwoxod","compliance","project_tasks","UNKNOWN","PK:id|FK:org_id,phase_id,project_id","0","TRUE","src/lib/db/schema.ts:13219","src/lib/services"
"pcrjmlpuqsbocqfwoxod","compliance","project_team_assignments","A project's working team(s)","PK:id|FK:org_id,project_id,team_id","0","TRUE","src/lib/db/schema.ts:13169","src/lib/services"
"pcrjmlpuqsbocqfwoxod","compliance","project_team_members","Multi-member project team (beyond lead_user_id)","PK:id","11","TRUE","src/lib/db/schema.ts:4342","src/lib/services"
"pcrjmlpuqsbocqfwoxod","compliance","project_templates","Reusable project structure as JSON snapshot","PK:id|FK:created_by_id,default_team_id,org_id","0","TRUE","src/lib/db/schema.ts:13189","src/lib/services"
"pcrjmlpuqsbocqfwoxod","compliance","projects","UNKNOWN","PK:id|FK:client_id,lead_user_id,org_id,product_id","41","TRUE","src/lib/db/schema.ts:4269","src/lib/services"
"pcrjmlpuqsbocqfwoxod","compliance","prompt_cache_metrics","Prompt/cache framework metrics","PK:id","18","TRUE","src/lib/db/schema.ts:1625","src/lib/prompt-cache"
"pcrjmlpuqsbocqfwoxod","compliance","prompt_eval_cases","Prompt/model evaluation cases","PK:id|FK:prompt_template_id","0","TRUE","src/lib/db/schema.ts:2462","src/lib/services"
"pcrjmlpuqsbocqfwoxod","compliance","prompt_eval_runs","UNKNOWN","PK:id|FK:eval_case_id,prompt_version_id","0","TRUE","src/lib/db/schema.ts:2473","src/lib/services"
"pcrjmlpuqsbocqfwoxod","compliance","prompt_localizations","Locale-aware adaptation on top of a translation","PK:id|FK:prompt_translation_id","0","TRUE","src/lib/db/schema.ts:2535","src/lib/services"
"pcrjmlpuqsbocqfwoxod","compliance","prompt_marketplace_listings","Cross-org prompt sharing listings","PK:id|FK:prompt_version_id","0","TRUE","src/lib/db/schema.ts:2558","src/lib/services"
"pcrjmlpuqsbocqfwoxod","compliance","prompt_templates","Centralized LLM system prompts (was hardcoded)","PK:id","221","TRUE","src/lib/db/schema.ts:2387","src/lib/services"
"pcrjmlpuqsbocqfwoxod","compliance","prompt_translations","LLM translation of a prompt version","PK:id|FK:prompt_version_id","0","TRUE","src/lib/db/schema.ts:2516","src/lib/services"
"pcrjmlpuqsbocqfwoxod","compliance","prompt_versions","Semantic versioning + lifecycle state for prompts","PK:id|FK:created_by_id,prompt_template_id","230","TRUE","src/lib/db/schema.ts:2415","src/lib/services"
"pcrjmlpuqsbocqfwoxod","compliance","public_ticket_submission_attempts","Rate-limit log for public ticket submission","PK:id","0","TRUE","src/lib/db/schema.ts:936","src/lib/services"
"pcrjmlpuqsbocqfwoxod","compliance","r67_attendance_duplicate_backup","UNKNOWN","PK:id","0","TRUE","UNKNOWN","UNKNOWN"
"pcrjmlpuqsbocqfwoxod","compliance","r67_material_unit_normalisation_backup","UNKNOWN","PK:material_id","1","TRUE","UNKNOWN","UNKNOWN"
"pcrjmlpuqsbocqfwoxod","compliance","rbi_compliance_items","UNKNOWN","PK:id|FK:client_id,org_id","0","TRUE","src/lib/db/schema.ts:3609","api/rbi/route.ts"
"pcrjmlpuqsbocqfwoxod","compliance","related_party_transactions","UNKNOWN","PK:id|FK:approved_by_id,client_id,org_id","0","TRUE","src/lib/db/schema.ts:3182","api/rpt/route.ts"
"pcrjmlpuqsbocqfwoxod","compliance","report_definitions","UNKNOWN","PK:id|FK:org_id","225","TRUE","src/lib/db/schema.ts:5116","src/lib/services"
"pcrjmlpuqsbocqfwoxod","compliance","report_item_actions","Accept/send-to-todo/delegate trail on report items","PK:id|FK:org_id,user_id","0","TRUE","src/lib/db/schema.ts:5176","src/lib/services"
"pcrjmlpuqsbocqfwoxod","compliance","report_schedules","Daily/weekly/monthly report schedules","PK:id|FK:created_by,org_id","0","TRUE","src/lib/db/schema.ts:5079","src/lib/services"
"pcrjmlpuqsbocqfwoxod","compliance","report_share_links","Tokenised expiring public read-only report links","PK:id|FK:created_by_id","7","TRUE","src/lib/db/schema.ts:13281","src/lib/services"
"pcrjmlpuqsbocqfwoxod","compliance","retrieval_citation","Records that a chunk was cited in an answer","PK:id|FK:chunk_id","0","TRUE","src/lib/db/schema.ts:13768","UNKNOWN"
"pcrjmlpuqsbocqfwoxod","compliance","reuse_cache","Hash-keyed reuse cache (""same"" tier)","PK:id","0","TRUE","src/lib/db/schema.ts:13567","src/lib/pipeline"
"pcrjmlpuqsbocqfwoxod","compliance","risk_anomaly_events","Risk/fraud/anomaly detection events","PK:id|FK:org_id","1","TRUE","src/lib/db/schema.ts:3841","src/lib/services"
"pcrjmlpuqsbocqfwoxod","compliance","risks","UNKNOWN","PK:id|FK:client_id,org_id,owner_id","27","TRUE","src/lib/db/schema.ts:3577","src/lib/services"
"pcrjmlpuqsbocqfwoxod","compliance","sales_commission_accruals","Append-only commission ledger","PK:id|FK:sales_commission_plan_id,sales_partner_id","0","TRUE","src/lib/db/schema.ts:9849","src/lib/services"
"pcrjmlpuqsbocqfwoxod","compliance","sales_commission_plans","UNKNOWN","PK:id|FK:created_by_id","7","TRUE","src/lib/db/schema.ts:9826","src/lib/services"
"pcrjmlpuqsbocqfwoxod","compliance","sales_partners","UNKNOWN","PK:id|FK:created_by_id","0","TRUE","src/lib/db/schema.ts:9764","src/lib/services"
"pcrjmlpuqsbocqfwoxod","compliance","sales_referral_links","UNKNOWN","PK:id|FK:sales_partner_id","0","TRUE","src/lib/db/schema.ts:9786","src/lib/services"
"pcrjmlpuqsbocqfwoxod","compliance","sales_referrals","One row per referred prospect with signup context","PK:id|FK:sales_partner_id,sales_referral_link_id","0","TRUE","src/lib/db/schema.ts:9807","src/lib/services"
"pcrjmlpuqsbocqfwoxod","compliance","saved_reports","Saved report queries run by the service layer","PK:id|FK:org_id,owned_by_id","2","TRUE","src/lib/db/schema.ts:5043","src/lib/services"
"pcrjmlpuqsbocqfwoxod","compliance","scoped_delegations","UNKNOWN","PK:id","0","TRUE","src/lib/db/schema.ts:2133","src/lib/services"
"pcrjmlpuqsbocqfwoxod","compliance","screen_definitions","UNKNOWN","PK:id","16","TRUE","src/lib/db/schema.ts:13513","src/lib/screens"
"pcrjmlpuqsbocqfwoxod","compliance","screen_drafts","UNKNOWN","PK:id","0","TRUE","src/lib/db/schema.ts:13537","src/lib/screens"
"pcrjmlpuqsbocqfwoxod","compliance","sebi_compliance_items","SEBI items gated by org entity type","PK:id|FK:client_id,org_id","0","TRUE","src/lib/db/schema.ts:3598","api/sebi/route.ts"
"pcrjmlpuqsbocqfwoxod","compliance","secretarial_audits","UNKNOWN","PK:id|FK:client_id,org_id","0","TRUE","src/lib/db/schema.ts:3328","api/secretarial-audit/route.ts"
"pcrjmlpuqsbocqfwoxod","compliance","shared_pool_allocations","Platform-operational AI capacity pool allocations","PK:id|FK:customer_model_config_id,lender_org_id","0","TRUE","src/lib/db/schema.ts:2249","api/settings/model-config"
"pcrjmlpuqsbocqfwoxod","compliance","sla_policies","UNKNOWN","PK:id|FK:business_hours_schedule_id,org_id,team_id","0","TRUE","src/lib/db/schema.ts:6041","src/lib/services"
"pcrjmlpuqsbocqfwoxod","compliance","source_object","Single capture table for every ingested artefact","PK:id","1","TRUE","src/lib/db/schema.ts:13672","src/lib/crr"
"pcrjmlpuqsbocqfwoxod","compliance","sso_configurations","SAML SSO configuration per org","PK:id|FK:org_id","0","TRUE","src/lib/db/schema.ts:8599","src/lib/services"
"pcrjmlpuqsbocqfwoxod","compliance","stage0_sources","Multi-org stage-0 membership","PK:id","0","TRUE","src/lib/db/schema.ts:309","api/stage0/inbox"
"pcrjmlpuqsbocqfwoxod","compliance","submissions","UNKNOWN","PK:id","50","TRUE","src/lib/db/schema.ts:13356","src/lib/pipeline"
"pcrjmlpuqsbocqfwoxod","compliance","subscription_plans","UNKNOWN","PK:id","8","TRUE","src/lib/db/schema.ts:211","src/lib/ai-router"
"pcrjmlpuqsbocqfwoxod","compliance","support_sessions","Audited act-on-behalf-of-customer sessions","PK:id|FK:initiated_by_user_id,target_org_id","0","TRUE","src/lib/db/schema.ts:13079","src/lib/services"
"pcrjmlpuqsbocqfwoxod","compliance","task_agent_executions","UNKNOWN","PK:id|FK:task_execution_plan_id,worker_agent_id","3","TRUE","src/lib/db/schema.ts:1434","api/ai/team"
"pcrjmlpuqsbocqfwoxod","compliance","task_assignees","Multiple task responsibility rows","PK:id|FK:task_id","0","TRUE","src/lib/db/schema.ts:1416","src/lib/services"
"pcrjmlpuqsbocqfwoxod","compliance","task_chat_messages","UNKNOWN","PK:id|FK:task_id","1927","TRUE","src/lib/db/schema.ts:1470","src/lib/services"
"pcrjmlpuqsbocqfwoxod","compliance","task_execution_plan","UNKNOWN","PK:id|FK:task_id,worker_agent_id","3885","TRUE","src/lib/db/schema.ts:1424","src/lib/services"
"pcrjmlpuqsbocqfwoxod","compliance","task_execution_traces","Lifecycle trace of user-initiated AI actions","PK:id","0","TRUE","src/lib/db/schema.ts:1656","src/lib/services"
"pcrjmlpuqsbocqfwoxod","compliance","task_reflections","Universal reflection records after task runs","PK:id","18","TRUE","src/lib/db/schema.ts:1831","src/lib/loops"
"pcrjmlpuqsbocqfwoxod","compliance","tasks","Task system core; pgvector col managed in raw SQL","PK:id|FK:assigned_by_id,assistant_id,project_id","1917","TRUE","src/lib/db/schema.ts:1355","src/lib/services"
"pcrjmlpuqsbocqfwoxod","compliance","tenant_ai_config","BYO AI model config per tenant","PK:id|FK:org_id","0","TRUE","src/lib/db/schema.ts:2204","api/settings/tenant-ai-config"
"pcrjmlpuqsbocqfwoxod","compliance","tenant_memory_profile","UNKNOWN","PK:org_id","0","TRUE","UNKNOWN","UNKNOWN"
"pcrjmlpuqsbocqfwoxod","compliance","ticket_escalation_events","Idempotency log, one row per (ticket, rule) firing","PK:id|FK:escalation_rule_id,ticket_id","0","TRUE","src/lib/db/schema.ts:6071","src/lib/services"
"pcrjmlpuqsbocqfwoxod","compliance","ticket_intelligence_action_items","UNKNOWN","PK:id|FK:task_id,ticket_intelligence_item_id","0","TRUE","src/lib/db/schema.ts:6181","src/lib/services"
"pcrjmlpuqsbocqfwoxod","compliance","ticket_intelligence_items","AI-derived ticket intelligence","PK:id|FK:ticket_id","0","TRUE","src/lib/db/schema.ts:6163","src/lib/services"
"pcrjmlpuqsbocqfwoxod","compliance","ticket_satisfaction_surveys","Post-resolution CSAT/NPS survey","PK:id|FK:org_id,ticket_id","0","TRUE","src/lib/db/schema.ts:6100","src/lib/services"
"pcrjmlpuqsbocqfwoxod","compliance","ticket_teams","Tiered SLA policy + team routing","PK:id|FK:org_id","0","TRUE","src/lib/db/schema.ts:6019","src/lib/services"
"pcrjmlpuqsbocqfwoxod","compliance","tickets","In-house helpdesk tickets","PK:id|FK:assignee_id,client_id,conversation_id,org_id","53","TRUE","src/lib/db/schema.ts:5978","src/lib/services"
"pcrjmlpuqsbocqfwoxod","compliance","token_usage_ledger","AI token usage ledger","PK:id","14","TRUE","src/lib/db/schema.ts:10152","src/lib/services"
"pcrjmlpuqsbocqfwoxod","compliance","tool_health_events","Tool health tracking","PK:id","0","TRUE","src/lib/db/schema.ts:1688","src/lib/tool-health-tracker.ts"
"pcrjmlpuqsbocqfwoxod","compliance","training_assessment_attempts","UNKNOWN","PK:id","0","TRUE","src/lib/db/schema.ts:12665","src/lib/services"
"pcrjmlpuqsbocqfwoxod","compliance","training_assessments","UNKNOWN","PK:id","0","TRUE","src/lib/db/schema.ts:12618","api/training/enrollments"
"pcrjmlpuqsbocqfwoxod","compliance","training_completions","UNKNOWN","PK:id","0","TRUE","src/lib/db/schema.ts:12682","api/training/enrollments"
"pcrjmlpuqsbocqfwoxod","compliance","training_courses","UNKNOWN","PK:id","0","TRUE","src/lib/db/schema.ts:12562","src/lib/services"
"pcrjmlpuqsbocqfwoxod","compliance","training_enrollments","UNKNOWN","PK:id","0","TRUE","src/lib/db/schema.ts:12650","api/training/enrollments"
"pcrjmlpuqsbocqfwoxod","compliance","training_lessons","UNKNOWN","PK:id","0","TRUE","src/lib/db/schema.ts:12603","src/lib/services"
"pcrjmlpuqsbocqfwoxod","compliance","training_modules","UNKNOWN","PK:id","0","TRUE","src/lib/db/schema.ts:12592","src/lib/services"
"pcrjmlpuqsbocqfwoxod","compliance","training_path_assignments","UNKNOWN","PK:id","0","TRUE","src/lib/db/schema.ts:12716","src/lib/services"
"pcrjmlpuqsbocqfwoxod","compliance","training_path_courses","UNKNOWN","PK:id","0","TRUE","src/lib/db/schema.ts:12706","src/lib/services"
"pcrjmlpuqsbocqfwoxod","compliance","training_paths","UNKNOWN","PK:id","0","TRUE","src/lib/db/schema.ts:12693","src/lib/services"
"pcrjmlpuqsbocqfwoxod","compliance","training_questions","UNKNOWN","PK:id","0","TRUE","src/lib/db/schema.ts:12632","src/lib/services"
"pcrjmlpuqsbocqfwoxod","compliance","user_active_sessions","Tracks Supabase Auth sessions for session limits","PK:id","0","TRUE","src/lib/db/schema.ts:906","src/lib/services"
"pcrjmlpuqsbocqfwoxod","compliance","user_client_access","UNKNOWN","PK:id|FK:client_id,user_id","0","TRUE","src/lib/db/schema.ts:203","src/lib/services"
"pcrjmlpuqsbocqfwoxod","compliance","users","UNKNOWN","PK:id|FK:department_id,org_id,reporting_to_id","1093","TRUE","src/lib/db/schema.ts:243","src/lib/services"
"pcrjmlpuqsbocqfwoxod","compliance","vendor_risk_profiles","Vendor risk tier + computed risk score","PK:id|FK:client_id,org_id","9","TRUE","src/lib/db/schema.ts:3687","api/vendor-risk/[id]"
"pcrjmlpuqsbocqfwoxod","compliance","veri_meeting_action_items","Join from meeting action items to tasks","PK:id|FK:meeting_id,task_id","11","TRUE","src/lib/db/schema.ts:6353","src/lib/services"
"pcrjmlpuqsbocqfwoxod","compliance","veri_meeting_share_links","Tokenized time-limited meeting share links","PK:id|FK:created_by_id,meeting_id","5","TRUE","src/lib/db/schema.ts:6334","api/v1/projexa"
"pcrjmlpuqsbocqfwoxod","compliance","veri_meetings","VERI Minutes of Meetings","PK:id|FK:created_by_id,org_id,published_by_id","41","TRUE","src/lib/db/schema.ts:6275","src/lib/services"
"pcrjmlpuqsbocqfwoxod","compliance","veri_reward_achievement_definitions","Org-configurable achievements with platform defaults","PK:id","5","TRUE","src/lib/db/schema.ts:10069","src/lib/services"
"pcrjmlpuqsbocqfwoxod","compliance","veri_reward_achievement_unlocks","One row per user per achievement","PK:id|FK:achievement_definition_id,user_id","0","TRUE","src/lib/db/schema.ts:10087","src/lib/services"
"pcrjmlpuqsbocqfwoxod","compliance","veri_reward_points_ledger","Append-only points ledger; balance is SUM(delta)","PK:id|FK:user_id","0","TRUE","src/lib/db/schema.ts:10054","src/lib/services"
"pcrjmlpuqsbocqfwoxod","compliance","veri_reward_referrals","Refer-and-earn 5-state referral funnel","PK:id|FK:referrer_user_id","0","TRUE","src/lib/db/schema.ts:10122","src/lib/services"
"pcrjmlpuqsbocqfwoxod","compliance","veri_reward_streaks","Grace-window streak state","PK:id|FK:user_id","7","TRUE","src/lib/db/schema.ts:10103","src/lib/services"
"pcrjmlpuqsbocqfwoxod","compliance","visitor_events","UNKNOWN","PK:id","820","TRUE","src/lib/db/schema.ts:9931","src/lib/services"
"pcrjmlpuqsbocqfwoxod","compliance","visitor_sessions","Anonymous public-site analytics sessions","PK:id","425","TRUE","src/lib/db/schema.ts:9917","src/lib/services"
"pcrjmlpuqsbocqfwoxod","compliance","voice_memo_action_items","Join mirroring veri_meeting_action_items","PK:id","0","TRUE","src/lib/db/schema.ts:6436","src/lib/services"
"pcrjmlpuqsbocqfwoxod","compliance","voice_memos","Recorded/uploaded voice memo, transcribed","PK:id","0","TRUE","src/lib/db/schema.ts:6409","app/(app)/voice-tickets"
"pcrjmlpuqsbocqfwoxod","compliance","webhook_deliveries","UNKNOWN","PK:id|FK:webhook_id","0","TRUE","src/lib/db/schema.ts:981","api/settings/webhooks"
"pcrjmlpuqsbocqfwoxod","compliance","webhooks","UNKNOWN","PK:id|FK:org_id","0","TRUE","src/lib/db/schema.ts:966","api/settings/webhooks"
"pcrjmlpuqsbocqfwoxod","compliance","whistleblower_cases","UNKNOWN","PK:id|FK:client_id,org_id,recorded_by_id","0","TRUE","src/lib/db/schema.ts:3717","api/whistleblower/route.ts"
"pcrjmlpuqsbocqfwoxod","compliance","workspace_memory_capsule_events","One row per workspace-memory export/import","PK:id","0","TRUE","src/lib/db/schema.ts:12490","src/lib/services"
"pcrjmlpuqsbocqfwoxod","platform","ai_agent_memory","UNKNOWN","PK:id","0","TRUE","src/lib/db/schema.ts:13009","api/ai/team"
"pcrjmlpuqsbocqfwoxod","platform","ai_connector_providers","AI-connector provider registry","PK:id","5","TRUE","src/lib/db/schema.ts:12925","src/lib/ai-links"
"pcrjmlpuqsbocqfwoxod","platform","ai_model_registry","UNKNOWN","PK:id","11","TRUE","src/lib/db/schema.ts:12854","src/lib/ai-team"
"pcrjmlpuqsbocqfwoxod","platform","ai_routing_audit_log","UNKNOWN","PK:id","24","TRUE","src/lib/db/schema.ts:12950","src/lib/ai-router"
"pcrjmlpuqsbocqfwoxod","platform","ai_routing_policies","UNKNOWN","PK:id","4","TRUE","src/lib/db/schema.ts:12940","src/lib/ai-router"
"pcrjmlpuqsbocqfwoxod","platform","ai_team_role_overrides","Seeded with the 5 orchestration layers","PK:id|FK:updated_by_user_id","0","TRUE","src/lib/db/schema.ts:1497","src/lib/ai-team"
"pcrjmlpuqsbocqfwoxod","platform","arch_rules","Architecture rules AR-01..AR-13 with counter-rules","PK:id","17","TRUE","UNKNOWN","UNKNOWN"
"pcrjmlpuqsbocqfwoxod","platform","automation_rule_runs","Automation rule run log","PK:id|FK:rule_id","0","TRUE","src/lib/db/schema.ts:5019","src/lib/services"
"pcrjmlpuqsbocqfwoxod","platform","automation_rules","n8n-inspired trigger/condition/action rules","PK:id|FK:created_by_id,org_id","0","TRUE","src/lib/db/schema.ts:5002","src/lib/services"
"pcrjmlpuqsbocqfwoxod","platform","build_plan","History plus one formally deferred phase","PK:id","123","TRUE","UNKNOWN","UNKNOWN"
"pcrjmlpuqsbocqfwoxod","platform","capability_improvement_proposals","What Auditor AI writes on a closable gap","PK:id|FK:capability_id","0","TRUE","src/lib/db/schema.ts:12197","app/(app)/capability-improvements"
"pcrjmlpuqsbocqfwoxod","platform","cc_results","SUPERSEDED 22 Aug; history only, do not write","PK:result_id","130","TRUE","UNKNOWN","UNKNOWN"
"pcrjmlpuqsbocqfwoxod","platform","cc_spec","Shared worksheet between chat and Claude Code","PK:point_no","201","TRUE","UNKNOWN","UNKNOWN"
"pcrjmlpuqsbocqfwoxod","platform","cc_tasks","DEAD 21 Aug; 28 rows for an unexecuted run","PK:task_no","28","TRUE","UNKNOWN","UNKNOWN"
"pcrjmlpuqsbocqfwoxod","platform","claude_instructions","UNKNOWN","PK:id","0","TRUE","UNKNOWN","UNKNOWN"
"pcrjmlpuqsbocqfwoxod","platform","claude_log","The notes: standing/bootstrap/handout/archive","PK:id","278","TRUE","UNKNOWN","UNKNOWN"
"pcrjmlpuqsbocqfwoxod","platform","code_facts","Verbatim source facts with commit read-at","PK:id","23","TRUE","UNKNOWN","UNKNOWN"
"pcrjmlpuqsbocqfwoxod","platform","crr_baseline","One immutable pre-work snapshot row","PK:id","1","TRUE","UNKNOWN","UNKNOWN"
"pcrjmlpuqsbocqfwoxod","platform","crr_embeddings_pre_snapshot","Metadata-only pre-change embeddings snapshot","PK:id","143","TRUE","UNKNOWN","UNKNOWN"
"pcrjmlpuqsbocqfwoxod","platform","crr_queue","UNKNOWN","PK:id|FK:point_id","34","TRUE","UNKNOWN","UNKNOWN"
"pcrjmlpuqsbocqfwoxod","platform","crr_ruling","Owner rulings on CRR; binding","PK:ruling_id","63","TRUE","UNKNOWN","UNKNOWN"
"pcrjmlpuqsbocqfwoxod","platform","crr_scorecard","The frozen CRR metric set (8 metrics)","PK:metric_id","8","TRUE","UNKNOWN","UNKNOWN"
"pcrjmlpuqsbocqfwoxod","platform","crr_selfaudit","UNKNOWN","PK:id","0","TRUE","UNKNOWN","UNKNOWN"
"pcrjmlpuqsbocqfwoxod","platform","crr_spec","CRR work points for Claude Code","PK:point_id","254","TRUE","UNKNOWN","UNKNOWN"
"pcrjmlpuqsbocqfwoxod","platform","ddl_capability_probe","UNKNOWN","PK:id","1","TRUE","UNKNOWN","UNKNOWN"
"pcrjmlpuqsbocqfwoxod","platform","dispatch_outcomes","AI Dev Team dispatch outcomes","PK:id","0","TRUE","src/lib/db/schema.ts:1533","src/lib/ai-team"
"pcrjmlpuqsbocqfwoxod","platform","dynamic_chains","Dynamic chain as primary system object","PK:id","1","TRUE","src/lib/db/schema.ts:2000","src/lib/services"
"pcrjmlpuqsbocqfwoxod","platform","entity_relationships","Generic typed-edge graph store","PK:id","0","TRUE","src/lib/db/schema.ts:1096","src/lib/services"
"pcrjmlpuqsbocqfwoxod","platform","error_log","Every error E-01..E-84","PK:id","140","TRUE","UNKNOWN","UNKNOWN"
"pcrjmlpuqsbocqfwoxod","platform","fde_requests","VERI Forward Deployed AI requests","PK:id|FK:matched_worker_agent_id,org_id,user_id","7","TRUE","src/lib/db/schema.ts:5221","src/lib/services"
"pcrjmlpuqsbocqfwoxod","platform","graph_edge","Typed edge store keyed role-distinctly","PK:id|FK:superseded_by_id","947","TRUE","UNKNOWN","UNKNOWN"
"pcrjmlpuqsbocqfwoxod","platform","graph_node","Typed node store for the R67 knowledge graph","PK:org_id,node_key","612","TRUE","UNKNOWN","UNKNOWN"
"pcrjmlpuqsbocqfwoxod","platform","img_spec","Institutional Memory Graph work points","PK:point_id","74","TRUE","UNKNOWN","UNKNOWN"
"pcrjmlpuqsbocqfwoxod","platform","instruction_execution_cache","Word-wise instruction cache (UMR-03)","PK:id","0","TRUE","src/lib/db/schema.ts:1067","UNKNOWN"
"pcrjmlpuqsbocqfwoxod","platform","mode_pills","Pill taxonomy and MP rules","PK:pill_key","21","TRUE","UNKNOWN","UNKNOWN"
"pcrjmlpuqsbocqfwoxod","platform","module_registry","Catalog for same-module customized rules per scope","PK:id","113","TRUE","src/lib/db/schema.ts:2269","src/lib/services"
"pcrjmlpuqsbocqfwoxod","platform","module_rule_configs","Generic module-rule resolver table","PK:id|FK:created_by_id,module_key","4","TRUE","src/lib/db/schema.ts:2365","src/lib/services"
"pcrjmlpuqsbocqfwoxod","platform","mother_router_memory","UNKNOWN","PK:id","5","TRUE","src/lib/db/schema.ts:12978","src/lib/ai-router"
"pcrjmlpuqsbocqfwoxod","platform","ops_dev_tasks","Bridge mirroring ops-server coding-task state","PK:id","2214","TRUE","src/lib/db/schema.ts:1320","api/internal/ops-task-sync"
"pcrjmlpuqsbocqfwoxod","platform","pipeline_level_models","UNKNOWN","PK:id","2","TRUE","src/lib/db/schema.ts:12891","src/lib/ai"
"pcrjmlpuqsbocqfwoxod","platform","product_branch_modules","UNKNOWN","PK:id|FK:module_key,product_branch_id","97","TRUE","src/lib/db/schema.ts:2341","src/lib/services"
"pcrjmlpuqsbocqfwoxod","platform","product_branches","Product branch registry","PK:id","28","TRUE","src/lib/db/schema.ts:2305","src/lib/services"
"pcrjmlpuqsbocqfwoxod","platform","projexa_plan","RETIRED 21 Aug; history only","PK:id","26","TRUE","UNKNOWN","UNKNOWN"
"pcrjmlpuqsbocqfwoxod","platform","projexa_tests","DEAD 21 Aug; superseded by cc_spec gates","PK:id","41","TRUE","UNKNOWN","UNKNOWN"
"pcrjmlpuqsbocqfwoxod","platform","provider_outage_windows","UNKNOWN","PK:id","0","TRUE","src/lib/db/schema.ts:13880","src/lib/services"
"pcrjmlpuqsbocqfwoxod","platform","r39_queue","UNKNOWN","PK:seq","14","TRUE","UNKNOWN","UNKNOWN"
"pcrjmlpuqsbocqfwoxod","platform","r42_queue","UNKNOWN","PK:seq","16","TRUE","UNKNOWN","UNKNOWN"
"pcrjmlpuqsbocqfwoxod","platform","r43_faults","UNKNOWN","PK:fault_id","187","TRUE","UNKNOWN","UNKNOWN"
"pcrjmlpuqsbocqfwoxod","platform","r43_queue","UNKNOWN","PK:seq","65","TRUE","UNKNOWN","UNKNOWN"
"pcrjmlpuqsbocqfwoxod","platform","r43_routes","UNKNOWN","PK:route","53","TRUE","UNKNOWN","UNKNOWN"
"pcrjmlpuqsbocqfwoxod","platform","r43_selfaudit","UNKNOWN","PK:phase","11","TRUE","UNKNOWN","UNKNOWN"
"pcrjmlpuqsbocqfwoxod","platform","r45_uat_queue_deprecated","DEPRECATED 24 Aug; merged into r43_queue","PK:point","41","TRUE","UNKNOWN","UNKNOWN"
"pcrjmlpuqsbocqfwoxod","platform","r47_spec","R47 completion run spec","PK:point_id","70","TRUE","UNKNOWN","UNKNOWN"
"pcrjmlpuqsbocqfwoxod","platform","r49_watch_baseline","UNKNOWN","PK:id","1","TRUE","UNKNOWN","UNKNOWN"
"pcrjmlpuqsbocqfwoxod","platform","r74_agent_register","One row per dispatched agent in R74","PK:agent_id","0","FALSE","UNKNOWN","UNKNOWN"
"pcrjmlpuqsbocqfwoxod","platform","req_test_map","UNKNOWN","PK:requirement_id,test_no","290","TRUE","UNKNOWN","UNKNOWN"
"pcrjmlpuqsbocqfwoxod","platform","role_quality_runs","AI model lifecycle / quality monitoring runs","PK:id","0","TRUE","src/lib/db/schema.ts:13861","src/lib/services"
"pcrjmlpuqsbocqfwoxod","platform","screen_spec","One row per ERP screen; GLOBAL row holds shared","PK:screen_id","8","TRUE","UNKNOWN","UNKNOWN"
"pcrjmlpuqsbocqfwoxod","platform","session_audit_r60_r67","UNKNOWN","PK:id","156","FALSE","UNKNOWN","UNKNOWN"
"pcrjmlpuqsbocqfwoxod","platform","source_reads","Which files have been read, when, and if delivered","PK:id","33","TRUE","UNKNOWN","UNKNOWN"
"pcrjmlpuqsbocqfwoxod","platform","sumeet_coverage","What the product does/should serve per requirement","PK:id","16","TRUE","UNKNOWN","UNKNOWN"
"pcrjmlpuqsbocqfwoxod","platform","sumeet_gap","Complete vs incomplete per requirement","PK:id","31","TRUE","UNKNOWN","UNKNOWN"
"pcrjmlpuqsbocqfwoxod","platform","sumeet_requirements","Live requirements tracker for Sumeet/PROJEXA GTM","PK:id","70","TRUE","UNKNOWN","UNKNOWN"
"pcrjmlpuqsbocqfwoxod","platform","sumeet_spec","Verbatim requirement detail with worked examples","PK:id","49","TRUE","UNKNOWN","UNKNOWN"
"pcrjmlpuqsbocqfwoxod","platform","sumeet_uat","Sumeet acceptance tests; incomplete coverage","PK:test_no","231","TRUE","UNKNOWN","UNKNOWN"
"pcrjmlpuqsbocqfwoxod","platform","system_map","Single source of truth for how VERIDIAN fits","PK:id","24","TRUE","UNKNOWN","UNKNOWN"
"pcrjmlpuqsbocqfwoxod","platform","task_capabilities","Capability-memory substrate, platform-wide","PK:id","1","TRUE","src/lib/db/schema.ts:12120","src/lib/services"
"pcrjmlpuqsbocqfwoxod","platform","task_register","UNKNOWN","PK:id","0","TRUE","src/lib/db/schema.ts:13033","api/ai/team"
"pcrjmlpuqsbocqfwoxod","platform","test_closure","One row per gap found by a test","PK:closure_id","17","TRUE","UNKNOWN","UNKNOWN"
"pcrjmlpuqsbocqfwoxod","platform","uat_criteria","UNKNOWN","PK:criterion_id","20","TRUE","UNKNOWN","UNKNOWN"
"pcrjmlpuqsbocqfwoxod","platform","uat_fix","UNKNOWN","PK:fix_id","0","TRUE","UNKNOWN","UNKNOWN"
"pcrjmlpuqsbocqfwoxod","platform","uat_function","UNKNOWN","PK:fn_id","100","TRUE","UNKNOWN","UNKNOWN"
"pcrjmlpuqsbocqfwoxod","platform","uat_persona","UNKNOWN","PK:persona_id","5","TRUE","UNKNOWN","UNKNOWN"
"pcrjmlpuqsbocqfwoxod","platform","uat_queue","UNKNOWN","PK:id|FK:test_id","300","TRUE","UNKNOWN","UNKNOWN"
"pcrjmlpuqsbocqfwoxod","platform","uat_remediation","UNKNOWN","PK:cause_key","106","TRUE","UNKNOWN","UNKNOWN"
"pcrjmlpuqsbocqfwoxod","platform","uat_result","UNKNOWN","PK:id|FK:criterion_id,test_id","9506","TRUE","UNKNOWN","UNKNOWN"
"pcrjmlpuqsbocqfwoxod","platform","uat_scorecard","UNKNOWN","PK:metric_id","13","TRUE","UNKNOWN","UNKNOWN"
"pcrjmlpuqsbocqfwoxod","platform","uat_test","R48 deep UAT; 300 tests, pass only at 20/20","PK:test_id|FK:fn_id","300","TRUE","UNKNOWN","UNKNOWN"
"pcrjmlpuqsbocqfwoxod","platform","user_ai_links","Per-user AI-delegation link","PK:id","2","TRUE","src/lib/db/schema.ts:12909","src/lib/ai-links"
"pcrjmlpuqsbocqfwoxod","platform","vaos_gap","Architecture gaps VG-01..VG-28","PK:id","28","TRUE","UNKNOWN","UNKNOWN"
"pcrjmlpuqsbocqfwoxod","platform","vaos_tests","100-command VERIDIAN acceptance suite plus 3 E2E","PK:id","103","TRUE","UNKNOWN","UNKNOWN"
"pcrjmlpuqsbocqfwoxod","platform","veridian_design","Deep design for pill-chain / task / AI flow","PK:id","17","TRUE","UNKNOWN","UNKNOWN"
"pcrjmlpuqsbocqfwoxod","platform","veridian_flow","Target AI OS flow mapped against what exists","PK:id","14","TRUE","UNKNOWN","UNKNOWN"
"pcrjmlpuqsbocqfwoxod","platform","worker_agent_domain_groups","Agent Hierarchy Registry domain groups","PK:id","5","TRUE","src/lib/db/schema.ts:1344","src/lib/services"
"pcrjmlpuqsbocqfwoxod","platform","worker_agent_domain_index","UNKNOWN","PK:id|FK:worker_agent_id","14","TRUE","src/lib/db/schema.ts:1304","src/lib/services"
"pcrjmlpuqsbocqfwoxod","platform","worker_agent_learnings","Agent learnings; pgvector col omitted in Drizzle","PK:id|FK:worker_agent_id","0","TRUE","src/lib/db/schema.ts:1296","src/lib/services"
"pcrjmlpuqsbocqfwoxod","platform","worker_agent_usage_log","UNKNOWN","PK:id|FK:worker_agent_id","0","TRUE","src/lib/db/schema.ts:1283","UNKNOWN"
"pcrjmlpuqsbocqfwoxod","platform","worker_agent_versions","UNKNOWN","PK:id|FK:worker_agent_id","0","TRUE","src/lib/db/schema.ts:1272","api/worker-agents/[id]"
"pcrjmlpuqsbocqfwoxod","platform","worker_agents","Worker Agent Library, 4 tiers global/customer/client/user","PK:id|FK:domain_group_id,project_id,supervisor_worker_agent_id","27","TRUE","src/lib/db/schema.ts:1215","src/lib/services"
"pcrjmlpuqsbocqfwoxod","public","_crr024_b011_scratch","UNKNOWN","PK:id","0","TRUE","UNKNOWN","UNKNOWN"
"pcrjmlpuqsbocqfwoxod","public","brand_assets","UNKNOWN","PK:id","4","TRUE","UNKNOWN","UNKNOWN"
"pcrjmlpuqsbocqfwoxod","public","code_quality_inspection_findings","Read-only quality inspection findings for the repos","PK:id","92","TRUE","UNKNOWN","UNKNOWN"
"pcrjmlpuqsbocqfwoxod","public","email_subscribers","UNKNOWN","PK:id","0","TRUE","UNKNOWN","UNKNOWN"
"pcrjmlpuqsbocqfwoxod","public","inquiries","UNKNOWN","PK:id","0","TRUE","UNKNOWN","UNKNOWN"
"pcrjmlpuqsbocqfwoxod","public","stage0_submissions","UNKNOWN","PK:id","1","TRUE","UNKNOWN","UNKNOWN"
"pcrjmlpuqsbocqfwoxod","backup_22aug","cc_spec","UNKNOWN","UNKNOWN","121","FALSE","UNKNOWN","UNKNOWN"
"pcrjmlpuqsbocqfwoxod","backup_22aug","claude_log","UNKNOWN","UNKNOWN","15","FALSE","UNKNOWN","UNKNOWN"
"pcrjmlpuqsbocqfwoxod","backup_22aug","construction_boq_line_items","UNKNOWN","UNKNOWN","175","FALSE","UNKNOWN","UNKNOWN"
"pcrjmlpuqsbocqfwoxod","backup_22aug","construction_boqs","UNKNOWN","UNKNOWN","25","FALSE","UNKNOWN","UNKNOWN"
"pcrjmlpuqsbocqfwoxod","backup_22aug","construction_work_progress_entries","UNKNOWN","UNKNOWN","54","FALSE","UNKNOWN","UNKNOWN"
"pcrjmlpuqsbocqfwoxod","backup_22aug","error_log","UNKNOWN","UNKNOWN","112","FALSE","UNKNOWN","UNKNOWN"
"pcrjmlpuqsbocqfwoxod","backup_22aug","product_branches","UNKNOWN","UNKNOWN","27","FALSE","UNKNOWN","UNKNOWN"
"pcrjmlpuqsbocqfwoxod","backup_22aug","report_definitions","UNKNOWN","UNKNOWN","216","FALSE","UNKNOWN","UNKNOWN"
"pcrjmlpuqsbocqfwoxod","backup_22aug","sumeet_requirements","UNKNOWN","UNKNOWN","69","FALSE","UNKNOWN","UNKNOWN"
"pcrjmlpuqsbocqfwoxod","backup_22aug","sumeet_uat","UNKNOWN","UNKNOWN","28","FALSE","UNKNOWN","UNKNOWN"
