"Route_Path","File_Path","Methods","Auth_Model","Org_Scoping","Calls_Service","Purpose","Proxied_By_PROJEXA_Route"
"/api/v1/projexa/access-review/certifications/[id]","C:\ct\ct\src\app\api\v1\projexa\access-review\certifications\[id]\route.ts","PATCH","SK+RS(manager/write)","STD","access-review-service","reviewCertification","/api/access-review/certifications/[id]"
"/api/v1/projexa/access-review","C:\ct\ct\src\app\api\v1\projexa\access-review\route.ts","GET,POST","SK+RS(manager/write)","STD","access-review-service","listAccessReviewCycles,getAccessReviewCycleDetail,createAccessReviewCycle","/api/access-review"
"/api/v1/projexa/accounts","C:\ct\ct\src\app\api\v1\projexa\accounts\route.ts","GET","SK+RS(member/read)","CTX","erp-accounting-service","listAccounts (chart of accounts)","/api/accounts; PXlib:/lib/budget-lookups.ts"
"/api/v1/projexa/ai/diff-drawings","C:\ct\ct\src\app\api\v1\projexa\ai\diff-drawings\route.ts","POST","S (session only)","ARG","lib/db/tenant-scoped;construction-ai-service","diffDrawingRevisions; re-export alias of /api/construction/ai/diff-drawings","UNKNOWN"
"/api/v1/projexa/ai/estimate-progress","C:\ct\ct\src\app\api\v1\projexa\ai\estimate-progress\route.ts","POST","S (session only)","G400","lib/db/tenant-scoped;construction-ai-service","estimateProgressFromPhoto; alias of /api/construction/ai/estimate-progress","UNKNOWN"
"/api/v1/projexa/ai/progress-summary","C:\ct\ct\src\app\api\v1\projexa\ai\progress-summary\route.ts","GET","S (session only)","G400","construction-ai-service","generateProgressSummary; alias of /api/construction/ai/progress-summary","UNKNOWN"
"/api/v1/projexa/ai/risk-detection","C:\ct\ct\src\app\api\v1\projexa\ai\risk-detection\route.ts","GET","S (session only)","G400","construction-ai-service","detectBudgetScheduleRisk; alias of /api/construction/ai/risk-detection","UNKNOWN"
"/api/v1/projexa/ar-aging","C:\ct\ct\src\app\api\v1\projexa\ar-aging\route.ts","GET","SK+RS(member/read)","STD","erp-invoicing-service","arAgingReport","/api/ar-aging"
"/api/v1/projexa/asset-to-gl-reconciliation","C:\ct\ct\src\app\api\v1\projexa\asset-to-gl-reconciliation\route.ts","GET","SK+RS(member/read)","STD","erp-fixed-assets-service","assetToGlReconciliation","UNKNOWN"
"/api/v1/projexa/assistant","C:\ct\ct\src\app\api\v1\projexa\assistant\route.ts","POST","SK+RS(member/write|member/read)","STD","lib/db/tenant-scoped","withTenantContext; AI assistant entry","/api/assistant"
"/api/v1/projexa/attendance/bulk","C:\ct\ct\src\app\api\v1\projexa\attendance\bulk\route.ts","POST","SK+RS","STD","construction-labour-service","recordAttendanceBatch; alias of /api/v1/construction/attendance/bulk","/api/attendance/bulk"
"/api/v1/projexa/attendance","C:\ct\ct\src\app\api\v1\projexa\attendance\route.ts","GET,POST","SK+RS","STD","construction-labour-service","listAttendance,recordAttendance; alias of /api/v1/construction/attendance","/api/attendance; /api/work-progress/report"
"/api/v1/projexa/attendance/summary/pdf","C:\ct\ct\src\app\api\v1\projexa\attendance\summary\pdf\route.ts","GET","SK","CTX4","lib/db/tenant-scoped;construction-reports-service","attendanceSummary as PDF","/api/attendance/summary/pdf"
"/api/v1/projexa/attendance/summary","C:\ct\ct\src\app\api\v1\projexa\attendance\summary\route.ts","GET","SK","STD","construction-reports-service","attendanceSummary","/api/attendance/summary"
"/api/v1/projexa/audit-engagements","C:\ct\ct\src\app\api\v1\projexa\audit-engagements\route.ts","GET,POST","SK+RS(manager/write)","STD","risk-register-service","listAuditEngagements,createAuditEngagement","/api/audit-engagements"
"/api/v1/projexa/audit-findings/[id]","C:\ct\ct\src\app\api\v1\projexa\audit-findings\[id]\route.ts","PATCH","SK+RS(manager/write)","STD","risk-register-service","advanceAuditFindingCapaStatus","/api/audit-findings/[id]"
"/api/v1/projexa/audit-findings","C:\ct\ct\src\app\api\v1\projexa\audit-findings\route.ts","POST","SK+RS(manager/write)","STD","risk-register-service","createAuditFinding","/api/audit-findings"
"/api/v1/projexa/balance-sheet","C:\ct\ct\src\app\api\v1\projexa\balance-sheet\route.ts","GET","SK+RS(member/read)","STD","erp-financial-report-service","balanceSheet","/api/balance-sheet"
"/api/v1/projexa/bank-reconciliation","C:\ct\ct\src\app\api\v1\projexa\bank-reconciliation\route.ts","GET","SK+RS(member/read)","CTX","erp-bank-reconciliation-service","listImports,listLines","/api/bank-reconciliation"
"/api/v1/projexa/board","C:\ct\ct\src\app\api\v1\projexa\board\route.ts","GET,PATCH","SK+RS(member/write)","STD","pms-taxonomy-service;pms-issue-service","listIssueStatuses,listIssues,updateIssue","/api/board"
"/api/v1/projexa/capability-tree","C:\ct\ct\src\app\api\v1\projexa\capability-tree\route.ts","GET","SK+RS(member/read)","STD","lib/db/tenant-scoped;capability-tree-service","buildConstructionNodes","/api/capability-tree; /api/shell"
"/api/v1/projexa/chain-options","C:\ct\ct\src\app\api\v1\projexa\chain-options\route.ts","GET","SK+RS(member/read)","STD","chain-options-service","makeChainOptionsRepo,resolveChainLevel","UNKNOWN (PROJEXA /api/chain-options deliberately resolves locally)"
"/api/v1/projexa/change-orders/[id]","C:\ct\ct\src\app\api\v1\projexa\change-orders\[id]\route.ts","GET,PATCH","SK+RS","STD","construction-change-order-service","getChangeOrder,submitChangeOrderForApproval","/api/change-orders/[id]"
"/api/v1/projexa/change-orders/[id]/signature-status","C:\ct\ct\src\app\api\v1\projexa\change-orders\[id]\signature-status\route.ts","GET","SK","STD","construction-change-order-service;esignature-service","getChangeOrder,listSignatureRequests","/api/change-orders/[id]/signature-status"
"/api/v1/projexa/change-orders","C:\ct\ct\src\app\api\v1\projexa\change-orders\route.ts","GET,POST","SK+RS(member/write)","STD","construction-change-order-service","listChangeOrders,createChangeOrder","/api/change-orders; PXlib:/lib/services/search-service.ts"
"/api/v1/projexa/classify","C:\ct\ct\src\app\api\v1\projexa\classify\route.ts","POST","SK+RS(member/read)","STD","lib/pipeline/classify-only","AI classification of an input","/api/classify"
"/api/v1/projexa/companies","C:\ct\ct\src\app\api\v1\projexa\companies\route.ts","GET,POST","SK+RS(manager/write)","STD","erp-company-service","listCompanies,createCompany","/api/companies; PXlib:/lib/budget-lookups.ts"
"/api/v1/projexa/compliance-register","C:\ct\ct\src\app\api\v1\projexa\compliance-register\route.ts","GET,POST","SK+RS(member/write)","STD","compliance-service","listComplianceItems,createComplianceItem","/api/compliance-register"
"/api/v1/projexa/cost-center-hierarchy","C:\ct\ct\src\app\api\v1\projexa\cost-center-hierarchy\route.ts","GET","SK","STD","erp-accounting-service","costCenterHierarchyReport","UNKNOWN"
"/api/v1/projexa/cost-center-line-items","C:\ct\ct\src\app\api\v1\projexa\cost-center-line-items\route.ts","GET","SK","STD","erp-accounting-service","listJournalEntryLinesByCostCenter","UNKNOWN"
"/api/v1/projexa/cost-centers","C:\ct\ct\src\app\api\v1\projexa\cost-centers\route.ts","GET","SK+RS(member/read)","CTX","erp-accounting-service","listCostCenters","/api/cost-centers (via createCachedVeridianGet); PXlib:/lib/budget-lookups.ts"
"/api/v1/projexa/credit-notes/[id]","C:\ct\ct\src\app\api\v1\projexa\credit-notes\[id]\route.ts","GET","SK+RS(member/read)","CTX","erp-credit-note-service","getSalesCreditNote","/api/credit-notes/[id]"
"/api/v1/projexa/credit-notes/[id]/submit","C:\ct\ct\src\app\api\v1\projexa\credit-notes\[id]\submit\route.ts","POST","SK+RS(manager/write)","STD","erp-credit-note-service","submitSalesCreditNote","/api/credit-notes/[id]/submit"
"/api/v1/projexa/credit-notes","C:\ct\ct\src\app\api\v1\projexa\credit-notes\route.ts","GET,POST","SK+RS(manager/write)","STD","erp-credit-note-service","listSalesCreditNotes,createSalesCreditNote","/api/credit-notes"
"/api/v1/projexa/currencies/base","C:\ct\ct\src\app\api\v1\projexa\currencies\base\route.ts","GET,PUT","SK+RS(member/read|admin/write)","STD","erp-accounting-service","getBaseCurrency,setBaseCurrency","/api/organization/currency"
"/api/v1/projexa/currencies","C:\ct\ct\src\app\api\v1\projexa\currencies\route.ts","GET","SK+RS(member/read)","STD","erp-accounting-service","listCurrencies","/api/currencies; /api/shell; PXlib:/app/(app)/dashboard/page.tsx"
"/api/v1/projexa/customer-payment-behavior","C:\ct\ct\src\app\api\v1\projexa\customer-payment-behavior\route.ts","GET","SK+RS(member/read)","STD","erp-invoicing-service","customerPaymentBehaviorReport","UNKNOWN"
"/api/v1/projexa/customers/[id]/overview","C:\ct\ct\src\app\api\v1\projexa\customers\[id]\overview\route.ts","GET","SK","STD","erp-selling-service","getCustomerOverview","/api/customers/[id]/overview"
"/api/v1/projexa/customers/[id]","C:\ct\ct\src\app\api\v1\projexa\customers\[id]\route.ts","GET,PATCH","SK+RS(member/read|member/write)","STD","erp-selling-service","getCustomer,updateCustomer","/api/customers/[id]"
"/api/v1/projexa/customers","C:\ct\ct\src\app\api\v1\projexa\customers\route.ts","GET,POST","SK+RS(member/write)","STD","erp-selling-service","listCustomers,listCustomersPaged,createCustomer","/api/customers"
"/api/v1/projexa/dashboard/[projectId]","C:\ct\ct\src\app\api\v1\projexa\dashboard\[projectId]\route.ts","GET","SK","STD","construction-dashboard-service","getProjectDashboard","/api/dashboard/project/[projectId]; /api/dashboard-hierarchy/...; PXlib:/app/(app)/materials/page.tsx"
"/api/v1/projexa/dashboard","C:\ct\ct\src\app\api\v1\projexa\dashboard\route.ts","GET","SK+RS(member/read)","STD","construction-dashboard-service","getOrgDashboard,getProjectDashboards","/api/projects/overview; /api/shell; PXlib:/lib/dashboard-overview.ts"
"/api/v1/projexa/design-materials","C:\ct\ct\src\app\api\v1\projexa\design-materials\route.ts","GET,POST","SK+RS(member/write)","STD","interior-floorplan-service","listMaterials,createMaterial","/api/design-materials"
"/api/v1/projexa/discuss","C:\ct\ct\src\app\api\v1\projexa\discuss\route.ts","POST","SK+RS(member/read)","STD","construction-ai-service","discussConstruction","/api/discuss"
"/api/v1/projexa/documents/[id]/dispose","C:\ct\ct\src\app\api\v1\projexa\documents\[id]\dispose\route.ts","POST","SK+RS(manager/write)","STD","document-service","disposeDocument","UNKNOWN - PROJEXA /api/documents/[id]/dispose sends root:true to /api/v1/documents/[id]/dispose which does NOT exist"
"/api/v1/projexa/documents/[id]","C:\ct\ct\src\app\api\v1\projexa\documents\[id]\route.ts","GET,PATCH","SK+RS(member/write)","STD","lib/db/tenant-scoped;document-service","readVersionChain,updateDocumentMetadata","/api/documents/[id]"
"/api/v1/projexa/documents/[id]/versions","C:\ct\ct\src\app\api\v1\projexa\documents\[id]\versions\route.ts","POST","SK+RS(member/write)","STD","document-service","createDocumentVersion","/api/documents/[id]/versions"
"/api/v1/projexa/drawings/[id]/document-url","C:\ct\ct\src\app\api\v1\projexa\drawings\[id]\document-url\route.ts","GET","SK","CTX","lib/db/tenant-scoped;lib/db/schema","signed document URL for a drawing","/api/drawings/[id]/document-url"
"/api/v1/projexa/drawings/[id]","C:\ct\ct\src\app\api\v1\projexa\drawings\[id]\route.ts","GET,PATCH,DELETE","SK+RS(member/write)","STD","lib/db/tenant-scoped;document-service","updateDocumentMetadata","/api/drawings/[id]"
"/api/v1/projexa/drawings/export","C:\ct\ct\src\app\api\v1\projexa\drawings\export\route.ts","GET","SK","CTX","document-service","listDocuments export","/api/drawings/export"
"/api/v1/projexa/drawings","C:\ct\ct\src\app\api\v1\projexa\drawings\route.ts","GET,POST","SK+RS(member/write)","STD","document-service","listDocuments,createDrawingRecord","/api/drawings"
"/api/v1/projexa/dunning-list/[invoiceId]/record","C:\ct\ct\src\app\api\v1\projexa\dunning-list\[invoiceId]\record\route.ts","POST","SK+RS(manager/write)","STD","erp-invoicing-service","recordDunningAction","UNKNOWN"
"/api/v1/projexa/dunning-list","C:\ct\ct\src\app\api\v1\projexa\dunning-list\route.ts","GET","SK+RS(member/read)","STD","erp-invoicing-service","dunningList","UNKNOWN"
"/api/v1/projexa/employees/[id]","C:\ct\ct\src\app\api\v1\projexa\employees\[id]\route.ts","GET,PATCH","SK+RS(manager/write)","STD","hr-service","listEmployees,upsertEmployeeProfile","/api/employees/[id]"
"/api/v1/projexa/employees","C:\ct\ct\src\app\api\v1\projexa\employees\route.ts","GET,POST","SK+RS(member/read|manager/write)","STD","hr-service","listEmployees,upsertEmployeeProfile","/api/employees"
"/api/v1/projexa/expenses","C:\ct\ct\src\app\api\v1\projexa\expenses\route.ts","GET,POST","SK+RS(member/write)","STD","construction-expense-service","listExpenseEntries,createExpenseEntry","/api/expenses; /api/dashboard-hierarchy/companies/[companyId]/projects/[projectId]"
"/api/v1/projexa/ffe/[id]","C:\ct\ct\src\app\api\v1\projexa\ffe\[id]\route.ts","GET,PATCH","SK+RS(member/write)","STD","interior-design-service","getFfeItem,updateFfeItemStatus,updateFfeItemDimensions","/api/ffe/[id]"
"/api/v1/projexa/ffe/margin-summary","C:\ct\ct\src\app\api\v1\projexa\ffe\margin-summary\route.ts","GET","SK","STD","interior-design-service","getMarginSummary","/api/ffe/margin-summary"
"/api/v1/projexa/ffe","C:\ct\ct\src\app\api\v1\projexa\ffe\route.ts","GET,POST","SK+RS(member/write)","STD","interior-design-service","listFfeItems,createFfeItem","/api/ffe"
"/api/v1/projexa/finance-dashboard","C:\ct\ct\src\app\api\v1\projexa\finance-dashboard\route.ts","GET","SK+RS(member/read)","STD","erp-invoicing-service","getFinanceDashboard","/api/finance-dashboard"
"/api/v1/projexa/fiscal-years","C:\ct\ct\src\app\api\v1\projexa\fiscal-years\route.ts","GET","SK","CTX","erp-accounting-service","listFiscalYears","/api/fiscal-years (createCachedVeridianGet); PXlib:/lib/budget-lookups.ts"
"/api/v1/projexa/floor-plans/[id]/placements/[placementId]","C:\ct\ct\src\app\api\v1\projexa\floor-plans\[id]\placements\[placementId]\route.ts","PATCH,DELETE","SK+RS(member/write)","STD","interior-floorplan-service","updatePlacement,removePlacement","/api/floor-plans/[id]/placements/[placementId]"
"/api/v1/projexa/floor-plans/[id]/placements","C:\ct\ct\src\app\api\v1\projexa\floor-plans\[id]\placements\route.ts","POST","SK+RS(member/write)","STD","interior-floorplan-service","placeFurniture","/api/floor-plans/[id]/placements"
"/api/v1/projexa/floor-plans/[id]/rooms/[roomId]","C:\ct\ct\src\app\api\v1\projexa\floor-plans\[id]\rooms\[roomId]\route.ts","PATCH,DELETE","SK+RS(member/write)","STD","interior-floorplan-service","updateRoom,removeRoom","/api/floor-plans/[id]/rooms/[roomId]"
"/api/v1/projexa/floor-plans/[id]/rooms","C:\ct\ct\src\app\api\v1\projexa\floor-plans\[id]\rooms\route.ts","POST","SK+RS(member/write)","STD","interior-floorplan-service","addRoom","/api/floor-plans/[id]/rooms"
"/api/v1/projexa/floor-plans/[id]","C:\ct\ct\src\app\api\v1\projexa\floor-plans\[id]\route.ts","GET,PATCH","SK+RS(member/write)","STD","interior-floorplan-service","getFloorPlan,updateFloorPlanStatus","/api/floor-plans/[id]"
"/api/v1/projexa/floor-plans/[id]/scene","C:\ct\ct\src\app\api\v1\projexa\floor-plans\[id]\scene\route.ts","GET","SK","STD","interior-floorplan-service","getFloorPlanScene (3D scene)","/api/floor-plans/[id]/scene"
"/api/v1/projexa/floor-plans","C:\ct\ct\src\app\api\v1\projexa\floor-plans\route.ts","GET,POST","SK+RS(member/write)","STD","interior-floorplan-service","listFloorPlans,createFloorPlan","/api/floor-plans"
"/api/v1/projexa/fraud-cases/[id]","C:\ct\ct\src\app\api\v1\projexa\fraud-cases\[id]\route.ts","GET,PATCH","SK+RS(manager/write)","STD","fraud-case-service","getFraudCase,updateFraudCaseStatus","/api/fraud-cases/[id]"
"/api/v1/projexa/fraud-cases","C:\ct\ct\src\app\api\v1\projexa\fraud-cases\route.ts","GET,POST","SK+RS(manager/write)","STD","fraud-case-service","listFraudCases,createFraudCase","/api/fraud-cases"
"/api/v1/projexa/grc-dashboard","C:\ct\ct\src\app\api\v1\projexa\grc-dashboard\route.ts","GET","SK","STD","risk-register-service","getGrcDashboard","/api/grc-dashboard"
"/api/v1/projexa/hr/departments","C:\ct\ct\src\app\api\v1\projexa\hr\departments\route.ts","GET,POST","SK+RS(manager/write)","STD","lib/db/tenant-scoped","department list/create","/api/hr/departments; /api/dashboard-hierarchy/companies/[companyId]/departments"
"/api/v1/projexa/hr/org-chart","C:\ct\ct\src\app\api\v1\projexa\hr\org-chart\route.ts","GET","SK","CTX","hr-service","getOrgChart","/api/hr/org-chart"
"/api/v1/projexa/inventory/items/[id]","C:\ct\ct\src\app\api\v1\projexa\inventory\items\[id]\route.ts","GET","SK","CTX","erp-stock-service","getItem","/api/inventory/items/[id]"
"/api/v1/projexa/inventory/items","C:\ct\ct\src\app\api\v1\projexa\inventory\items\route.ts","GET,POST","SK+RS(member/write)","STD","erp-stock-service","listItems,createItem","/api/inventory/items"
"/api/v1/projexa/inventory/stock-balance","C:\ct\ct\src\app\api\v1\projexa\inventory\stock-balance\route.ts","GET","SK","CTX","erp-inventory-service","listStockBalances","/api/inventory/stock-balance"
"/api/v1/projexa/inventory/stock-entries","C:\ct\ct\src\app\api\v1\projexa\inventory\stock-entries\route.ts","GET,POST","SK+RS(member/write)","STD","erp-inventory-service","listStockLedger,recordStockReceipt,recordStockIssue","/api/inventory/stock-entries"
"/api/v1/projexa/inventory/warehouses","C:\ct\ct\src\app\api\v1\projexa\inventory\warehouses\route.ts","GET,POST","SK+RS(member/write)","STD","erp-stock-service","listWarehouses,createWarehouse","/api/inventory/warehouses"
"/api/v1/projexa/journal-entries/[id]","C:\ct\ct\src\app\api\v1\projexa\journal-entries\[id]\route.ts","GET","SK","STD","erp-accounting-service","getJournalEntry","/api/journal-entries/[id]"
"/api/v1/projexa/journal-entries/[id]/submit","C:\ct\ct\src\app\api\v1\projexa\journal-entries\[id]\submit\route.ts","POST","SK+RS","STD","erp-accounting-service","submitJournalEntry","/api/journal-entries/[id]/submit"
"/api/v1/projexa/journal-entries","C:\ct\ct\src\app\api\v1\projexa\journal-entries\route.ts","GET,POST","SK+RS(manager/write)+permission-service","STD","permission-service;erp-accounting-service","listJournalEntriesPaged,createJournalEntry","/api/journal-entries"
"/api/v1/projexa/knowledge-base/[id]","C:\ct\ct\src\app\api\v1\projexa\knowledge-base\[id]\route.ts","GET,PATCH","SK+RS(member/write)","STD","knowledge-base-service","getKbPage,updateKbPage","/api/knowledge-base/[id]"
"/api/v1/projexa/knowledge-base/by-slug","C:\ct\ct\src\app\api\v1\projexa\knowledge-base\by-slug\route.ts","GET","SK","STD","knowledge-base-service","getKbPageBySlug","UNKNOWN"
"/api/v1/projexa/knowledge-base","C:\ct\ct\src\app\api\v1\projexa\knowledge-base\route.ts","GET,POST","SK+RS(member/write)","STD","knowledge-base-service","listKbPages,createKbPage","/api/knowledge-base"
"/api/v1/projexa/knowledge-base/search","C:\ct\ct\src\app\api\v1\projexa\knowledge-base\search\route.ts","GET","SK","CTX","knowledge-base-service","searchKbPages","/api/knowledge-base/search"
"/api/v1/projexa/kpis/[id]","C:\ct\ct\src\app\api\v1\projexa\kpis\[id]\route.ts","GET","SK","STD","construction-kpi-service","getKpiDefinition; alias of /api/v1/construction/kpi-definitions/[id]","/api/kpis/[id]"
"/api/v1/projexa/kpis","C:\ct\ct\src\app\api\v1\projexa\kpis\route.ts","GET,POST","SK+RS","STD","construction-kpi-service","listKpiDefinitions,createKpiDefinition; alias of /api/v1/construction/kpi-definitions","/api/kpis"
"/api/v1/projexa/labour","C:\ct\ct\src\app\api\v1\projexa\labour\route.ts","GET,POST","SK+RS","STD","construction-labour-service","listRoster,getLabourLanding,createRosterEntry; alias of /api/v1/construction/labour-roster","UNKNOWN (PROJEXA calls /construction/labour-roster with root:true instead)"
"/api/v1/projexa/labour-roster/import","C:\ct\ct\src\app\api\v1\projexa\labour-roster\import\route.ts","POST","SK+RS(member/write)","STD","construction-roster-import-service;construction-labour-service;erp-buying-service","parseRosterSpreadsheet,rosterImportSummary,createRosterEntry","/api/labour-roster/import"
"/api/v1/projexa/labour-roster/trades","C:\ct\ct\src\app\api\v1\projexa\labour-roster\trades\route.ts","GET","SK+RS(member/read)","STD","construction-labour-service","listRosterTrades","/api/labour-roster/trades"
"/api/v1/projexa/leads/[id]/history","C:\ct\ct\src\app\api\v1\projexa\leads\[id]\history\route.ts","GET","SK","CTX","crm-service","listStageHistory","/api/leads/[id]/history"
"/api/v1/projexa/leads/[id]","C:\ct\ct\src\app\api\v1\projexa\leads\[id]\route.ts","GET,PATCH","SK+RS(member/write)","STD","crm-service","getLead,updateLead","/api/leads/[id]"
"/api/v1/projexa/leads/assignment-overview","C:\ct\ct\src\app\api\v1\projexa\leads\assignment-overview\route.ts","GET","SK","STD","crm-service","getAssignmentOverview","UNKNOWN"
"/api/v1/projexa/leads/auto-distribute","C:\ct\ct\src\app\api\v1\projexa\leads\auto-distribute\route.ts","POST","SK+RS(manager/write)","STD","crm-service","autoDistributeLeads,manualAssignUnassigned","UNKNOWN"
"/api/v1/projexa/leads/bulk-reassign","C:\ct\ct\src\app\api\v1\projexa\leads\bulk-reassign\route.ts","POST","SK+RS(manager/write)","STD","crm-service","bulkReassignLeads","/api/leads/bulk-reassign"
"/api/v1/projexa/leads","C:\ct\ct\src\app\api\v1\projexa\leads\route.ts","GET,POST","SK+RS(member/write)","STD","crm-service","listLeadsPaged,createLead","/api/leads"
"/api/v1/projexa/leave/balances","C:\ct\ct\src\app\api\v1\projexa\leave\balances\route.ts","GET,POST","SK+RS(manager/write)","STD","hr-service","listLeaveBalances,setLeaveBalance","/api/leave/balances"
"/api/v1/projexa/leave/requests/[id]/decision","C:\ct\ct\src\app\api\v1\projexa\leave\requests\[id]\decision\route.ts","POST","SK+RS(manager/write)","STD","hr-service","decideLeaveRequest","/api/leave/requests/[id]/decision"
"/api/v1/projexa/leave/requests","C:\ct\ct\src\app\api\v1\projexa\leave\requests\route.ts","GET,POST","SK+RS(member/write)","STD","hr-service","listLeaveRequests,requestLeave","/api/leave/requests"
"/api/v1/projexa/materials","C:\ct\ct\src\app\api\v1\projexa\materials\route.ts","GET","SK","STD","erp-inventory-service;lib/db/schema","listStockLedger over erpItems/erpWarehouses","UNKNOWN (PROJEXA /api/materials calls /construction/materials/receipts root:true)"
"/api/v1/projexa/meetings/[id]/outcomes","C:\ct\ct\src\app\api\v1\projexa\meetings\[id]\outcomes\route.ts","POST","SK+RS(member/write)","STD","pms-meeting-service","addMeetingOutcome","/api/meetings/[id]/outcomes"
"/api/v1/projexa/meetings/[id]","C:\ct\ct\src\app\api\v1\projexa\meetings\[id]\route.ts","GET,PATCH","SK+RS(member/write)","STD","pms-meeting-service","getMeeting,updateMeeting","/api/meetings/[id]"
"/api/v1/projexa/meetings","C:\ct\ct\src\app\api\v1\projexa\meetings\route.ts","GET,POST","SK+RS(member/write)","STD","pms-meeting-service","listMeetings,createMeeting","/api/meetings"
"/api/v1/projexa/module-chain","C:\ct\ct\src\app\api\v1\projexa\module-chain\route.ts","GET","SK+RS(member/read)","STD","capability-tree-service","buildCapabilityTree","/api/module-chain"
"/api/v1/projexa/mood-boards/[id]/items/[itemId]","C:\ct\ct\src\app\api\v1\projexa\mood-boards\[id]\items\[itemId]\route.ts","DELETE","SK+RS(member/write)","STD","interior-design-service","removeMoodBoardItem","/api/mood-boards/[id]/items/[itemId]"
"/api/v1/projexa/mood-boards/[id]","C:\ct\ct\src\app\api\v1\projexa\mood-boards\[id]\route.ts","GET,PATCH,POST","SK+RS(member/write)","STD","interior-design-service","getMoodBoard,updateMoodBoard,updateMoodBoardStatus,addMoodBoardItem","/api/mood-boards/[id]"
"/api/v1/projexa/mood-boards","C:\ct\ct\src\app\api\v1\projexa\mood-boards\route.ts","GET,POST","SK+RS(member/write)","STD","interior-design-service","listMoodBoards,createMoodBoard","/api/mood-boards"
"/api/v1/projexa/opportunities/[id]/history","C:\ct\ct\src\app\api\v1\projexa\opportunities\[id]\history\route.ts","GET","SK","CTX","crm-service","listStageHistory","/api/opportunities/[id]/history"
"/api/v1/projexa/opportunities/[id]","C:\ct\ct\src\app\api\v1\projexa\opportunities\[id]\route.ts","GET,PATCH","SK+RS(member/write)","STD","crm-service","getOpportunity,updateOpportunity","/api/opportunities/[id]"
"/api/v1/projexa/opportunities/assignment-overview","C:\ct\ct\src\app\api\v1\projexa\opportunities\assignment-overview\route.ts","GET","SK","STD","crm-service","getAssignmentOverview","UNKNOWN"
"/api/v1/projexa/opportunities/auto-distribute","C:\ct\ct\src\app\api\v1\projexa\opportunities\auto-distribute\route.ts","POST","SK+RS(manager/write)","STD","crm-service","autoDistributeOpportunities,manualAssignUnassigned","UNKNOWN"
"/api/v1/projexa/opportunities/bulk-reassign","C:\ct\ct\src\app\api\v1\projexa\opportunities\bulk-reassign\route.ts","POST","SK+RS(manager/write)","STD","crm-service","bulkReassignOpportunities","/api/opportunities/bulk-reassign"
"/api/v1/projexa/opportunities","C:\ct\ct\src\app\api\v1\projexa\opportunities\route.ts","GET,POST","SK+RS(member/write)","STD","crm-service","listOpportunitiesPaged,createOpportunity","/api/opportunities"
"/api/v1/projexa/org-users","C:\ct\ct\src\app\api\v1\projexa\org-users\route.ts","GET","SK","CTX","org-directory-service","listOrgDirectory,resolveDirectoryLimit","UNKNOWN (PROJEXA /api/org-users calls /users instead)"
"/api/v1/projexa/payment-proposal-list","C:\ct\ct\src\app\api\v1\projexa\payment-proposal-list\route.ts","GET","SK","STD","erp-invoicing-service","paymentProposalList","UNKNOWN"
"/api/v1/projexa/payroll/employees/[id]/income-tax-slab","C:\ct\ct\src\app\api\v1\projexa\payroll\employees\[id]\income-tax-slab\route.ts","POST","SK+RS(manager/write)","STD","erp-payroll-service","assignIncomeTaxSlab","/api/payroll/employees/[id]/income-tax-slab"
"/api/v1/projexa/payroll/employees/[id]/tax-exemptions","C:\ct\ct\src\app\api\v1\projexa\payroll\employees\[id]\tax-exemptions\route.ts","GET,POST","SK+RS(manager/write)","STD","erp-payroll-service","listEmployeeTaxExemptions,createEmployeeTaxExemption","/api/payroll/employees/[id]/tax-exemptions"
"/api/v1/projexa/payroll/income-tax-slabs","C:\ct\ct\src\app\api\v1\projexa\payroll\income-tax-slabs\route.ts","GET,POST","SK+RS(manager/write)","STD","erp-payroll-service","listIncomeTaxSlabs,createIncomeTaxSlab","/api/payroll/income-tax-slabs"
"/api/v1/projexa/payroll/payslips/[id]/finalize","C:\ct\ct\src\app\api\v1\projexa\payroll\payslips\[id]\finalize\route.ts","POST","SK+RS(manager/write)","STD","erp-payroll-service","finalizePayslip","/api/payroll/payslips/[id]/finalize"
"/api/v1/projexa/payroll/payslips/[id]/pdf","C:\ct\ct\src\app\api\v1\projexa\payroll\payslips\[id]\pdf\route.ts","GET","SK","STD","erp-payroll-service","getPayslipDetail as PDF","/api/payroll/payslips/[id]/pdf"
"/api/v1/projexa/payroll/payslips/[id]","C:\ct\ct\src\app\api\v1\projexa\payroll\payslips\[id]\route.ts","GET","SK","CTX","erp-payroll-service","getPayslipDetail","/api/payroll/payslips/[id]"
"/api/v1/projexa/payroll/payslips/[id]/tds","C:\ct\ct\src\app\api\v1\projexa\payroll\payslips\[id]\tds\route.ts","POST","SK+RS(manager/write)","STD","erp-payroll-service","updatePayslipTds","/api/payroll/payslips/[id]/tds"
"/api/v1/projexa/payroll/runs/[id]/payslips","C:\ct\ct\src\app\api\v1\projexa\payroll\runs\[id]\payslips\route.ts","GET","SK","CTX","erp-payroll-service","listPayslips","/api/payroll/runs/[id]/payslips"
"/api/v1/projexa/payroll/runs/[id]/process","C:\ct\ct\src\app\api\v1\projexa\payroll\runs\[id]\process\route.ts","POST","SK+RS(manager/write)","STD","erp-payroll-service","processPayrollRun","/api/payroll/runs/[id]/process"
"/api/v1/projexa/payroll/runs/[id]","C:\ct\ct\src\app\api\v1\projexa\payroll\runs\[id]\route.ts","GET","SK","CTX","erp-payroll-service","getPayrollRun","/api/payroll/runs/[id]"
"/api/v1/projexa/payroll/runs","C:\ct\ct\src\app\api\v1\projexa\payroll\runs\route.ts","GET,POST","SK+RS(manager/write)","STD","erp-payroll-service","listPayrollRuns,createPayrollRun","/api/payroll/runs"
"/api/v1/projexa/payroll/salary-components","C:\ct\ct\src\app\api\v1\projexa\payroll\salary-components\route.ts","GET,POST","SK+RS(manager/write)","STD","erp-payroll-service","listSalaryComponents,createSalaryComponent","/api/payroll/salary-components"
"/api/v1/projexa/payroll/salary-structures","C:\ct\ct\src\app\api\v1\projexa\payroll\salary-structures\route.ts","GET,POST","SK+RS(manager/write)","STD","erp-payroll-service","listSalaryStructures,createSalaryStructure","/api/payroll/salary-structures"
"/api/v1/projexa/payroll/statutory-rules","C:\ct\ct\src\app\api\v1\projexa\payroll\statutory-rules\route.ts","GET,POST","SK+RS(manager/write)","STD","erp-payroll-service","listStatutoryRules,createStatutoryRule","/api/payroll/statutory-rules"
"/api/v1/projexa/permits/[id]","C:\ct\ct\src\app\api\v1\projexa\permits\[id]\route.ts","GET,PATCH,DELETE","SK+RS(member/write)","STD","lib/db/tenant-scoped;lib/db/schema","permit document CRUD","/api/permits/[id]"
"/api/v1/projexa/permits","C:\ct\ct\src\app\api\v1\projexa\permits\route.ts","GET,POST","SK+RS(member/write)","STD","document-service;project-dashboard-cache","listExpiringDocuments,listDocuments,createDocumentRecord","/api/permits; PXlib:/app/(app)/dashboard/page.tsx"
"/api/v1/projexa/phrase-map/[id]/promote","C:\ct\ct\src\app\api\v1\projexa\phrase-map\[id]\promote\route.ts","POST","SK","CTX","lib/ai/batch/analyse","promotePhraseMapCandidate","UNKNOWN"
"/api/v1/projexa/pill-usage","C:\ct\ct\src\app\api\v1\projexa\pill-usage\route.ts","GET,POST","SK+RS(member/read|member/write)","STD","projexa-pill-usage-service","readPillStrip,recordPillUse","/api/pill-usage; /api/shell"
"/api/v1/projexa/policies/[id]","C:\ct\ct\src\app\api\v1\projexa\policies\[id]\route.ts","GET,PATCH","SK+RS(member/write)","STD","risk-register-service","getPolicy,updatePolicy","/api/policies/[id]"
"/api/v1/projexa/policies","C:\ct\ct\src\app\api\v1\projexa\policies\route.ts","GET,POST","SK+RS(member/write)","STD","risk-register-service","listPolicies,createPolicy","/api/policies"
"/api/v1/projexa/predictions/[activityId]","C:\ct\ct\src\app\api\v1\projexa\predictions\[activityId]\route.ts","GET","SK","STD","construction-prediction-service","predictActivityCompletion; alias of /api/v1/construction/predictions/[activityId]","UNKNOWN"
"/api/v1/projexa/procurement/goods-receipts/[id]","C:\ct\ct\src\app\api\v1\projexa\procurement\goods-receipts\[id]\route.ts","GET","SK","CTX","erp-goods-receipt-service","getPurchaseReceipt","/api/procurement/goods-receipts/[id]"
"/api/v1/projexa/procurement/goods-receipts/[id]/submit","C:\ct\ct\src\app\api\v1\projexa\procurement\goods-receipts\[id]\submit\route.ts","POST","SK+RS(member/write)","STD","erp-goods-receipt-service","submitPurchaseReceipt","/api/procurement/goods-receipts/[id]/submit"
"/api/v1/projexa/procurement/goods-receipts","C:\ct\ct\src\app\api\v1\projexa\procurement\goods-receipts\route.ts","GET,POST","SK+RS(member/write)","STD","erp-goods-receipt-service","listPurchaseReceipts,createPurchaseReceipt","/api/procurement/goods-receipts"
"/api/v1/projexa/procurement/purchase-orders/[id]","C:\ct\ct\src\app\api\v1\projexa\procurement\purchase-orders\[id]\route.ts","GET,PATCH,DELETE","SK+RS(member/write)","CTX","erp-buying-service","getPurchaseOrder,updatePurchaseOrder,cancelPurchaseOrder","/api/procurement/purchase-orders/[id]"
"/api/v1/projexa/procurement/purchase-orders/[id]/submit","C:\ct\ct\src\app\api\v1\projexa\procurement\purchase-orders\[id]\submit\route.ts","POST","SK+RS(member/write)","STD","erp-buying-service","submitPurchaseOrder","/api/procurement/purchase-orders/[id]/submit"
"/api/v1/projexa/procurement/purchase-orders","C:\ct\ct\src\app\api\v1\projexa\procurement\purchase-orders\route.ts","GET,POST","SK+RS(member/write)","STD","erp-buying-service","listPurchaseOrders,createPurchaseOrder","/api/procurement/purchase-orders"
"/api/v1/projexa/procurement/quotations","C:\ct\ct\src\app\api\v1\projexa\procurement\quotations\route.ts","GET,POST","SK+RS(member/write)","STD","erp-procurement-workflow-service","listSupplierQuotations,createSupplierQuotation","/api/procurement/quotations"
"/api/v1/projexa/procurement/requisitions/[id]","C:\ct\ct\src\app\api\v1\projexa\procurement\requisitions\[id]\route.ts","GET","SK","STD","erp-procurement-workflow-service","getPurchaseRequisition","/api/procurement/requisitions/[id]"
"/api/v1/projexa/procurement/requisitions/[id]/submit","C:\ct\ct\src\app\api\v1\projexa\procurement\requisitions\[id]\submit\route.ts","POST","SK+RS(member/write)","STD","erp-procurement-workflow-service","submitPurchaseRequisition","/api/procurement/requisitions/[id]/submit"
"/api/v1/projexa/procurement/requisitions","C:\ct\ct\src\app\api\v1\projexa\procurement\requisitions\route.ts","GET,POST","SK+RS(member/write)","STD","erp-procurement-workflow-service","listPurchaseRequisitions,createPurchaseRequisition","/api/procurement/requisitions"
"/api/v1/projexa/procurement/rfqs/[id]/comparison","C:\ct\ct\src\app\api\v1\projexa\procurement\rfqs\[id]\comparison\route.ts","GET","SK","STD","erp-procurement-workflow-service","compareQuotationsForRfq","/api/procurement/rfqs/[id]/comparison"
"/api/v1/projexa/procurement/rfqs/[id]","C:\ct\ct\src\app\api\v1\projexa\procurement\rfqs\[id]\route.ts","GET","SK","STD","erp-procurement-workflow-service","getRfq","/api/procurement/rfqs/[id]"
"/api/v1/projexa/procurement/rfqs/[id]/send","C:\ct\ct\src\app\api\v1\projexa\procurement\rfqs\[id]\send\route.ts","POST","SK+RS(member/write)","STD","erp-procurement-workflow-service","sendRfq","/api/procurement/rfqs/[id]/send"
"/api/v1/projexa/procurement/rfqs","C:\ct\ct\src\app\api\v1\projexa\procurement\rfqs\route.ts","GET,POST","SK+RS(member/write)","STD","erp-procurement-workflow-service","listRfqs,createRfq","/api/procurement/rfqs"
"/api/v1/projexa/products","C:\ct\ct\src\app\api\v1\projexa\products\route.ts","GET","SK","STD","construction-dashboard-service","listActiveProducts","/api/products; PXlib:/app/(app)/projects/new/page.tsx"
"/api/v1/projexa/profit-and-loss","C:\ct\ct\src\app\api\v1\projexa\profit-and-loss\route.ts","GET","SK","STD","erp-financial-report-service","profitAndLoss","/api/profit-and-loss"
"/api/v1/projexa/profit-and-loss-by-project","C:\ct\ct\src\app\api\v1\projexa\profit-and-loss-by-project\route.ts","GET","SK","STD","erp-financial-report-service","profitAndLossByCostCenter","/api/profit-and-loss-by-project"
"/api/v1/projexa/project-budgets/[id]/cancel","C:\ct\ct\src\app\api\v1\projexa\project-budgets\[id]\cancel\route.ts","POST","SK+RS(manager/write)","STD","erp-budget-service","cancelBudget","/api/project-budgets/[id]/cancel"
"/api/v1/projexa/project-budgets/[id]","C:\ct\ct\src\app\api\v1\projexa\project-budgets\[id]\route.ts","GET,PATCH","SK+RS(manager/write)","STD","erp-budget-service","getBudget,updateBudgetLineItems","/api/project-budgets/[id]"
"/api/v1/projexa/project-budgets/[id]/submit","C:\ct\ct\src\app\api\v1\projexa\project-budgets\[id]\submit\route.ts","POST","SK+RS(manager/write)","STD","erp-budget-service","submitBudget","/api/project-budgets/[id]/submit"
"/api/v1/projexa/project-budgets/[id]/variance","C:\ct\ct\src\app\api\v1\projexa\project-budgets\[id]\variance\route.ts","GET","SK","CTX","erp-budget-service","getBudgetVariance","/api/project-budgets/[id]/variance"
"/api/v1/projexa/project-budgets","C:\ct\ct\src\app\api\v1\projexa\project-budgets\route.ts","GET,POST","SK+RS(manager/write)","STD","erp-budget-service","listBudgets,createBudget","/api/project-budgets"
"/api/v1/projexa/projects/[id]","C:\ct\ct\src\app\api\v1\projexa\projects\[id]\route.ts","PATCH","SK+RS(member/write)","STD","construction-dashboard-service","updateProjectValue","/api/projects/[id]"
"/api/v1/projexa/projects","C:\ct\ct\src\app\api\v1\projexa\projects\route.ts","GET,POST","SK+RS(member/write)","STD","construction-dashboard-service","listProjectsForSelection (60s per-org cache),createProject","/api/projects; PXlib:/lib/module-list-source.ts; PXlib:/lib/project-selection.ts"
"/api/v1/projexa/punch-list/[id]","C:\ct\ct\src\app\api\v1\projexa\punch-list\[id]\route.ts","GET,PATCH","SK+RS(member/write)","STD","construction-field-workflow-service","getPunchListItem,markPunchListItemReadyForReview,verifyPunchListItemClosed","/api/punch-list/[id]"
"/api/v1/projexa/punch-list","C:\ct\ct\src\app\api\v1\projexa\punch-list\route.ts","GET,POST","SK+RS(member/write)","STD","construction-field-workflow-service","listPunchListItems,createPunchListItem","/api/punch-list; PXlib:/lib/services/search-service.ts"
"/api/v1/projexa/purchase-orders","C:\ct\ct\src\app\api\v1\projexa\purchase-orders\route.ts","GET,POST","SK+RS(member/write)","STD","erp-buying-service","listPurchaseOrders,createPurchaseOrder","/api/purchase-orders"
"/api/v1/projexa/quotations/[id]/convert","C:\ct\ct\src\app\api\v1\projexa\quotations\[id]\convert\route.ts","POST","SK+permission-service","STD","permission-service;erp-selling-service","convertQuotationToSalesOrder","/api/quotations/[id]/convert"
"/api/v1/projexa/quotations/[id]/pdf","C:\ct\ct\src\app\api\v1\projexa\quotations\[id]\pdf\route.ts","GET","SK","STD","erp-selling-service","getQuotationForPdf","/api/quotations/[id]/pdf"
"/api/v1/projexa/quotations/[id]/revisions","C:\ct\ct\src\app\api\v1\projexa\quotations\[id]\revisions\route.ts","POST","SK+permission-service","STD","permission-service;erp-selling-service","createQuotationRevision","/api/quotations/[id]/revisions"
"/api/v1/projexa/quotations/[id]","C:\ct\ct\src\app\api\v1\projexa\quotations\[id]\route.ts","GET,PATCH","SK+RS(member/write)+permission-service","STD","permission-service;erp-selling-service","getQuotation,updateQuotationStatus","/api/quotations/[id]"
"/api/v1/projexa/quotations","C:\ct\ct\src\app\api\v1\projexa\quotations\route.ts","GET,POST","SK+RS(member/write)+permission-service","STD","permission-service;erp-selling-service","listQuotations,createQuotation","/api/quotations"
"/api/v1/projexa/recruitment/applications/[id]/hire","C:\ct\ct\src\app\api\v1\projexa\recruitment\applications\[id]\hire\route.ts","POST","SK+RS(admin/write)","STD","recruitment-service","linkHiredEmployee","/api/recruitment/applications/[id]/hire"
"/api/v1/projexa/recruitment/applications/[id]/interviews","C:\ct\ct\src\app\api\v1\projexa\recruitment\applications\[id]\interviews\route.ts","GET,POST","SK+RS(manager/write)","STD","recruitment-service","listInterviewFeedback,scheduleInterview","/api/recruitment/applications/[id]/interviews"
"/api/v1/projexa/recruitment/applications/[id]","C:\ct\ct\src\app\api\v1\projexa\recruitment\applications\[id]\route.ts","GET","SK","CTX","recruitment-service","getApplication","/api/recruitment/applications/[id]"
"/api/v1/projexa/recruitment/applications/[id]/stage","C:\ct\ct\src\app\api\v1\projexa\recruitment\applications\[id]\stage\route.ts","POST","SK+RS(manager/write)","STD","recruitment-service","moveApplicationStage","/api/recruitment/applications/[id]/stage"
"/api/v1/projexa/recruitment/applications","C:\ct\ct\src\app\api\v1\projexa\recruitment\applications\route.ts","GET,POST","SK+RS(member/write)","STD","recruitment-service","listApplications,createApplication","/api/recruitment/applications"
"/api/v1/projexa/recruitment/candidates","C:\ct\ct\src\app\api\v1\projexa\recruitment\candidates\route.ts","GET,POST","SK+RS(member/write)","STD","recruitment-service","listCandidates,createCandidate","/api/recruitment/candidates"
"/api/v1/projexa/recruitment/interviews/[id]/feedback","C:\ct\ct\src\app\api\v1\projexa\recruitment\interviews\[id]\feedback\route.ts","POST","SK+RS(member/write)","STD","recruitment-service","submitInterviewFeedback","/api/recruitment/interviews/[id]/feedback"
"/api/v1/projexa/recruitment/job-openings/[id]","C:\ct\ct\src\app\api\v1\projexa\recruitment\job-openings\[id]\route.ts","GET","SK","CTX","recruitment-service","getJobOpening","/api/recruitment/job-openings/[id]"
"/api/v1/projexa/recruitment/job-openings/[id]/status","C:\ct\ct\src\app\api\v1\projexa\recruitment\job-openings\[id]\status\route.ts","POST","SK+RS(manager/write)","STD","recruitment-service","updateJobOpeningStatus","/api/recruitment/job-openings/[id]/status"
"/api/v1/projexa/recruitment/job-openings","C:\ct\ct\src\app\api\v1\projexa\recruitment\job-openings\route.ts","GET,POST","SK+RS(manager/write)","STD","recruitment-service","listJobOpenings,createJobOpening","/api/recruitment/job-openings"
"/api/v1/projexa/reports/[reportName]/export","C:\ct\ct\src\app\api\v1\projexa\reports\[reportName]\export\route.ts","GET","SK","CTX","construction-reports-service;report-export;lib/db/tenant-scoped","boqBudgetVarianceReport,designerTimesheetReport,reportCsv","/api/reports/[reportName]/export"
"/api/v1/projexa/reports/[reportName]","C:\ct\ct\src\app\api\v1\projexa\reports\[reportName]\route.ts","GET","SK","STD","construction-reports-service;erp-accounting-service","REPORT_REGISTRY,buildReportTable","UNKNOWN"
"/api/v1/projexa/reports/catalog","C:\ct\ct\src\app\api\v1\projexa\reports\catalog\route.ts","GET","SK","CTX","report-engine-service","getFullReportCatalog","/api/reports/catalog"
"/api/v1/projexa/reports/definitions/[id]/run","C:\ct\ct\src\app\api\v1\projexa\reports\definitions\[id]\run\route.ts","POST","SK+RS(manager/read)","STD","report-engine-service","executeReportDefinition","/api/reports/definitions/[id]/run"
"/api/v1/projexa/reports/portfolio/budget-vs-actual","C:\ct\ct\src\app\api\v1\projexa\reports\portfolio\budget-vs-actual\route.ts","GET","SK","STD","construction-reports-service;construction-dashboard-service;erp-accounting-service","buildBudgetVsActualByProject,getOrgDashboard","UNKNOWN"
"/api/v1/projexa/reports/share","C:\ct\ct\src\app\api\v1\projexa\reports\share\route.ts","POST","SK+RS(member/write)","STD","report-share-service","createReportShareLink","/api/attendance/summary/share; /api/reports/[reportName]/share; /api/work-progress/report/share"
"/api/v1/projexa/rfis/[id]","C:\ct\ct\src\app\api\v1\projexa\rfis\[id]\route.ts","GET,PATCH","SK+RS(member/write)","STD","construction-field-workflow-service","getRfi,answerRfi,closeRfi","/api/rfis/[id]"
"/api/v1/projexa/rfis","C:\ct\ct\src\app\api\v1\projexa\rfis\route.ts","GET,POST","SK+RS(member/write)","STD","construction-field-workflow-service","listRfis,createRfi (projectId required)","/api/rfis; PXlib:/lib/services/search-service.ts"
"/api/v1/projexa/risks/[id]","C:\ct\ct\src\app\api\v1\projexa\risks\[id]\route.ts","GET,PATCH","SK+RS(member/write)","STD","risk-register-service","getRisk,updateRiskStatus","/api/risks/[id]"
"/api/v1/projexa/risks","C:\ct\ct\src\app\api\v1\projexa\risks\route.ts","GET,POST","SK+RS(member/write)","STD","risk-register-service","listRisks,createRisk","/api/risks"
"/api/v1/projexa/sales-invoices/[id]/cancel","C:\ct\ct\src\app\api\v1\projexa\sales-invoices\[id]\cancel\route.ts","POST","SK+RS(manager/write)","STD","erp-invoicing-service","cancelSalesInvoice","/api/sales-invoices/[id]/cancel"
"/api/v1/projexa/sales-invoices/[id]/payments","C:\ct\ct\src\app\api\v1\projexa\sales-invoices\[id]\payments\route.ts","POST","SK+RS(manager/write)","STD","erp-invoicing-service","recordSalesInvoicePayment","/api/sales-invoices/[id]/payments"
"/api/v1/projexa/sales-invoices/[id]","C:\ct\ct\src\app\api\v1\projexa\sales-invoices\[id]\route.ts","GET","SK+RS(member/read)","CTX","erp-invoicing-service","getSalesInvoice","/api/sales-invoices/[id]"
"/api/v1/projexa/sales-invoices/[id]/submit","C:\ct\ct\src\app\api\v1\projexa\sales-invoices\[id]\submit\route.ts","POST","SK+RS(manager/write)","STD","erp-invoicing-service","submitSalesInvoice","/api/sales-invoices/[id]/submit"
"/api/v1/projexa/sales-invoices","C:\ct\ct\src\app\api\v1\projexa\sales-invoices\route.ts","GET,POST","SK+RS(manager/write)","STD","erp-invoicing-service","listSalesInvoicesPaged,createSalesInvoice","/api/sales-invoices; /api/dashboard-hierarchy/companies/[companyId]/projects/[projectId]"
"/api/v1/projexa/sales-order-document-flow/[id]","C:\ct\ct\src\app\api\v1\projexa\sales-order-document-flow\[id]\route.ts","GET","SK","STD","erp-selling-service;compliance-service","getSalesOrderDocumentFlow","/api/sales-order-document-flow/[id]"
"/api/v1/projexa/sales-orders/[id]","C:\ct\ct\src\app\api\v1\projexa\sales-orders\[id]\route.ts","GET,PATCH","SK+permission-service","STD","permission-service;erp-selling-service","getSalesOrder,updateSalesOrderStatus","/api/sales-orders/[id]"
"/api/v1/projexa/sales-orders/bulk-status","C:\ct\ct\src\app\api\v1\projexa\sales-orders\bulk-status\route.ts","POST","SK+RS(manager/write)+permission-service","STD","permission-service;erp-selling-service","bulkUpdateSalesOrderStatus","/api/sales-orders/bulk-status"
"/api/v1/projexa/sales-orders","C:\ct\ct\src\app\api\v1\projexa\sales-orders\route.ts","GET,POST","SK+RS(member/write)+permission-service","STD","permission-service;erp-selling-service","listSalesOrders,createSalesOrder","/api/sales-orders"
"/api/v1/projexa/sales-pipeline","C:\ct\ct\src\app\api\v1\projexa\sales-pipeline\route.ts","GET","SK","STD","crm-service","getSalesPipelineOverview","/api/sales-pipeline"
"/api/v1/projexa/sales-rep-performance","C:\ct\ct\src\app\api\v1\projexa\sales-rep-performance\route.ts","GET","SK","STD","crm-service","getSalesRepPerformanceDashboard","UNKNOWN"
"/api/v1/projexa/schedule/[id]/completion","C:\ct\ct\src\app\api\v1\projexa\schedule\[id]\completion\route.ts","GET,PATCH","SK+RS(member/write)","STD","construction-progress-service","getActivityCompletionProvenance,setActivityCompletionManually","/api/schedule/tasks/[id]/completion"
"/api/v1/projexa/schedule/[id]","C:\ct\ct\src\app\api\v1\projexa\schedule\[id]\route.ts","GET,PATCH","SK+RS(member/write)","STD","pms-issue-service","getIssue,updateIssue","/api/schedule/tasks/[id]"
"/api/v1/projexa/schedule/baselines/[id]","C:\ct\ct\src\app\api\v1\projexa\schedule\baselines\[id]\route.ts","GET","SK","STD","schedule-service","compareBaseline","/api/schedule/baselines/[id]"
"/api/v1/projexa/schedule/baselines","C:\ct\ct\src\app\api\v1\projexa\schedule\baselines\route.ts","GET,POST","SK+RS(member/write)","STD","schedule-service","listBaselines,captureBaseline","/api/schedule/baselines"
"/api/v1/projexa/schedule/gantt","C:\ct\ct\src\app\api\v1\projexa\schedule\gantt\route.ts","GET","SK","STD","schedule-service","getGanttData","/api/schedule/gantt; PXlib:/app/(app)/schedule/page.tsx"
"/api/v1/projexa/schedule/import","C:\ct\ct\src\app\api\v1\projexa\schedule\import\route.ts","POST","SK+RS(member/write)","STD","schedule-import-service","parseScheduleSpreadsheet,importScheduleActivities","/api/schedule/import"
"/api/v1/projexa/schedule/resource-conflicts","C:\ct\ct\src\app\api\v1\projexa\schedule\resource-conflicts\route.ts","GET","SK","STD","schedule-service","getResourceConflicts","UNKNOWN"
"/api/v1/projexa/schedule","C:\ct\ct\src\app\api\v1\projexa\schedule\route.ts","GET,POST","SK+RS(member/write)","STD","pms-issue-service;schedule-service;pms-taxonomy-service","listIssues,createScheduleActivity","/api/schedule/tasks; PXlib:/lib/schedule-reference.ts"
"/api/v1/projexa/schedule/sprints/[id]/issues","C:\ct\ct\src\app\api\v1\projexa\schedule\sprints\[id]\issues\route.ts","GET,POST,DELETE","SK+RS(member/write)","STD","pms-sprint-service","listSprintIssues,addIssueToSprint,removeIssueFromSprint","/api/schedule/sprints/[id]/issues"
"/api/v1/projexa/schedule/sprints/[id]","C:\ct\ct\src\app\api\v1\projexa\schedule\sprints\[id]\route.ts","PATCH","SK+RS(member/write)","STD","pms-sprint-service","updateSprint,closeSprint","/api/schedule/sprints/[id]"
"/api/v1/projexa/schedule/sprints","C:\ct\ct\src\app\api\v1\projexa\schedule\sprints\route.ts","GET,POST","SK+RS(member/write)","STD","pms-sprint-service","listSprints,createSprint","/api/schedule/sprints"
"/api/v1/projexa/schedule/types","C:\ct\ct\src\app\api\v1\projexa\schedule\types\route.ts","GET","SK","CTX","pms-taxonomy-service;pms-issue-service","listIssueTypes","/api/schedule/types; PXlib:/lib/schedule-reference.ts"
"/api/v1/projexa/schedule/workload","C:\ct\ct\src\app\api\v1\projexa\schedule\workload\route.ts","GET,POST","SK+RS(member/write)","STD","schedule-service","getWorkload,createResourceAllocation,getResourceConflicts","/api/schedule/workload"
"/api/v1/projexa/scope/[id]/approve","C:\ct\ct\src\app\api\v1\projexa\scope\[id]\approve\route.ts","POST","SK+RS","STD","construction-boq-service","approveBoq; alias of /api/v1/construction/boq/[id]/approve","/api/scope/[id]/approve"
"/api/v1/projexa/scope/[id]/compare","C:\ct\ct\src\app\api\v1\projexa\scope\[id]\compare\route.ts","GET","SK","STD","construction-boq-service","compareBoq; alias of /api/v1/construction/boq/[id]/compare","/api/scope/[id]/compare"
"/api/v1/projexa/scope/[id]/revisions","C:\ct\ct\src\app\api\v1\projexa\scope\[id]\revisions\route.ts","POST","SK+RS","STD","construction-boq-service","createBoqRevision; alias of /api/v1/construction/boq/[id]/revisions","/api/scope/[id]/revisions"
"/api/v1/projexa/scope/[id]","C:\ct\ct\src\app\api\v1\projexa\scope\[id]\route.ts","GET,PATCH,DELETE","SK+RS","STD","construction-boq-service","getBoq,updateBoq,deleteBoq; alias of /api/v1/construction/boq/[id]","/api/scope/[id]"
"/api/v1/projexa/scope/[id]/submit","C:\ct\ct\src\app\api\v1\projexa\scope\[id]\submit\route.ts","POST","SK+RS","STD","construction-boq-service","submitBoq; alias of /api/v1/construction/boq/[id]/submit","/api/scope/[id]/submit"
"/api/v1/projexa/scope/categories/[id]","C:\ct\ct\src\app\api\v1\projexa\scope\categories\[id]\route.ts","PATCH,DELETE","SK+RS","STD","construction-boq-category-service","renameBoqCategory,deleteBoqCategory; alias of /api/v1/construction/boq/categories/[id]","/api/scope/categories/[id]"
"/api/v1/projexa/scope/categories","C:\ct\ct\src\app\api\v1\projexa\scope\categories\route.ts","GET,POST","SK+RS","STD","construction-boq-category-service","listBoqCategories,createBoqCategory; alias of /api/v1/construction/boq/categories","/api/scope/categories"
"/api/v1/projexa/scope/import","C:\ct\ct\src\app\api\v1\projexa\scope\import\route.ts","POST","S (session only)","G400","construction-boq-import-service;construction-boq-service","parseBoqSpreadsheet,createBoq; alias of /api/construction/boq/import","/api/scope/import"
"/api/v1/projexa/scope/import/template","C:\ct\ct\src\app\api\v1\projexa\scope\import\template\route.ts","GET","SK","CTX","lib/report-export-shared","BOQ import spreadsheet template","/api/scope/import/template"
"/api/v1/projexa/scope/line-items/[id]","C:\ct\ct\src\app\api\v1\projexa\scope\line-items\[id]\route.ts","PATCH","SK+RS","STD","construction-boq-service","updateLineItemBudget; alias of /api/v1/construction/boq/line-items/[id]","/api/scope/line-items/[id]"
"/api/v1/projexa/scope/lines","C:\ct\ct\src\app\api\v1\projexa\scope\lines\route.ts","GET","SK","CTX","construction-boq-service","listBoqLineOptions","/api/scope/lines"
"/api/v1/projexa/scope","C:\ct\ct\src\app\api\v1\projexa\scope\route.ts","GET,POST","SK+RS","STD","construction-boq-service","listBoqs,createBoq; alias of /api/v1/construction/boq","/api/scope; /api/chain-options; /api/work-progress/report"
"/api/v1/projexa/screen-definitions/[functionId]","C:\ct\ct\src\app\api\v1\projexa\screen-definitions\[functionId]\route.ts","GET","SK","CTX","lib/screens/resolve-definition","resolve a screen definition by functionId","PXlib:/lib/module-list-source.ts; PXlib:/lib/screen-definitions.ts"
"/api/v1/projexa/screen-drafts/[id]","C:\ct\ct\src\app\api\v1\projexa\screen-drafts\[id]\route.ts","PATCH,DELETE","SK+RS(member/write)","STD","lib/screens/draft-service","screen draft update/delete","/api/screen-drafts/[id]"
"/api/v1/projexa/screen-drafts","C:\ct\ct\src\app\api\v1\projexa\screen-drafts\route.ts","GET,POST","SK+RS(member/write)","STD","lib/db/tenant-scoped;lib/db/schema","screenDrafts list/create","/api/screen-drafts"
"/api/v1/projexa/site-diary/[id]","C:\ct\ct\src\app\api\v1\projexa\site-diary\[id]\route.ts","GET","SK","STD","construction-site-diary-service","getSiteDiary; alias of /api/v1/construction/site-diary/[id]","/api/site-diary/[id]"
"/api/v1/projexa/site-diary","C:\ct\ct\src\app\api\v1\projexa\site-diary\route.ts","GET,POST","SK+RS","STD","construction-site-diary-service","listSiteDiaries,createSiteDiary; alias of /api/v1/construction/site-diary","/api/site-diary"
"/api/v1/projexa/site-instructions/[id]","C:\ct\ct\src\app\api\v1\projexa\site-instructions\[id]\route.ts","GET","SK","STD","construction-site-instruction-service","getSiteInstruction; alias of /api/v1/construction/site-instructions/[id]","/api/site-instructions/[id]"
"/api/v1/projexa/site-instructions","C:\ct\ct\src\app\api\v1\projexa\site-instructions\route.ts","GET,POST","SK+RS","STD","construction-site-instruction-service","createSiteInstruction,listSiteInstructions; alias of /api/v1/construction/site-instructions","/api/site-instructions"
"/api/v1/projexa/statistical-key-figure-report","C:\ct\ct\src\app\api\v1\projexa\statistical-key-figure-report\route.ts","GET","SK","STD","erp-costing-service","statisticalKeyFigureReport","UNKNOWN"
"/api/v1/projexa/storage-status","C:\ct\ct\src\app\api\v1\projexa\storage-status\route.ts","GET","SK","NONE","lib/storage-config","org storage quota/usage probe","PXlib:/lib/storage-status.ts (no PROJEXA API route; called from pages)"
"/api/v1/projexa/subcontractor-payment-application-status","C:\ct\ct\src\app\api\v1\projexa\subcontractor-payment-application-status\route.ts","GET","SK","STD","erp-payment-entries-service","subcontractorPaymentApplicationStatus","UNKNOWN"
"/api/v1/projexa/subcontractor-retention-summary/[invoiceId]/release","C:\ct\ct\src\app\api\v1\projexa\subcontractor-retention-summary\[invoiceId]\release\route.ts","POST","SK+RS(manager/write)","STD","erp-invoicing-service","releaseSubcontractorRetention","UNKNOWN (no reference anywhere in PROJEXA src)"
"/api/v1/projexa/subcontractor-retention-summary","C:\ct\ct\src\app\api\v1\projexa\subcontractor-retention-summary\route.ts","GET","SK","STD","erp-invoicing-service","subcontractorRetentionSummary","UNKNOWN (no reference anywhere in PROJEXA src)"
"/api/v1/projexa/submissions","C:\ct\ct\src\app\api\v1\projexa\submissions\route.ts","POST","SK+RS(member/write)","STD","lib/pipeline/run-submission","run a pipeline submission","UNKNOWN (no reference anywhere in PROJEXA src)"
"/api/v1/projexa/submittals/[id]","C:\ct\ct\src\app\api\v1\projexa\submittals\[id]\route.ts","GET,PATCH","SK+RS(member/write)","STD","construction-field-workflow-service","getSubmittal,reviewSubmittal","/api/submittals/[id]"
"/api/v1/projexa/submittals","C:\ct\ct\src\app\api\v1\projexa\submittals\route.ts","GET,POST","SK+RS(member/write)","STD","construction-field-workflow-service","listSubmittals,createSubmittal","/api/submittals; PXlib:/lib/services/search-service.ts"
"/api/v1/projexa/tasks/[id]","C:\ct\ct\src\app\api\v1\projexa\tasks\[id]\route.ts","GET","SK+RS(member/read)","STD","lib/db/tenant-scoped;lib/db/schema","pipelineTasks,submissions read","/api/tasks/[id]"
"/api/v1/projexa/tasks","C:\ct\ct\src\app\api\v1\projexa\tasks\route.ts","POST,GET","SK+RS(member/write|member/read)","STD","lib/db/tenant-scoped;lib/db/schema","pipelineTasks,submissions list/create","/api/tasks"
"/api/v1/projexa/timesheets/[id]/approve","C:\ct\ct\src\app\api\v1\projexa\timesheets\[id]\approve\route.ts","POST","SK","STD","pms-time-service;timesheet-review-task-service","approveTimeEntry,recordTimesheetDecisionTasks","/api/timesheets/[id]/approve"
"/api/v1/projexa/timesheets/[id]/reject","C:\ct\ct\src\app\api\v1\projexa\timesheets\[id]\reject\route.ts","POST","SK","STD","pms-time-service;timesheet-review-task-service","rejectTimeEntry (min rejection reason len)","/api/timesheets/[id]/reject"
"/api/v1/projexa/timesheets/[id]","C:\ct\ct\src\app\api\v1\projexa\timesheets\[id]\route.ts","GET,PATCH,DELETE","SK+RS(member/write)","STD","pms-time-service","getTimeEntry,updateTimeEntry,deleteTimeEntry","/api/timesheets/[id]"
"/api/v1/projexa/timesheets/[id]/submit","C:\ct\ct\src\app\api\v1\projexa\timesheets\[id]\submit\route.ts","POST","SK","STD","pms-time-service;timesheet-review-task-service","submitTimeEntry,openTimesheetReviewTask","/api/timesheets/[id]/submit"
"/api/v1/projexa/timesheets/review-day","C:\ct\ct\src\app\api\v1\projexa\timesheets\review-day\route.ts","POST","SK","STD","pms-time-service;timesheet-review-task-service","reviewDayForReview,recordTimesheetDecisionTasks","/api/timesheets/review-day"
"/api/v1/projexa/timesheets","C:\ct\ct\src\app\api\v1\projexa\timesheets\route.ts","GET,POST","SK+RS(member/write)","STD","pms-time-service","listTimeEntriesForProject,listTimeEntriesForIssue,logTime","/api/timesheets"
"/api/v1/projexa/timesheets/submit-day","C:\ct\ct\src\app\api\v1\projexa\timesheets\submit-day\route.ts","POST","SK+RS(member/write)","STD","pms-time-service;timesheet-review-task-service","submitDayForReview,openTimesheetReviewTask","/api/timesheets/submit-day"
"/api/v1/projexa/trial-balance","C:\ct\ct\src\app\api\v1\projexa\trial-balance\route.ts","GET","SK","STD","erp-financial-report-service","trialBalance","/api/trial-balance"
"/api/v1/projexa/users","C:\ct\ct\src\app\api\v1\projexa\users\route.ts","GET","SK+RS(member/read)","STD","hr-service","listEmployees,filterOrgUsersByQuery (org user picker)","/api/org-users"
"/api/v1/projexa/vendor-payment-behavior","C:\ct\ct\src\app\api\v1\projexa\vendor-payment-behavior\route.ts","GET","SK","STD","erp-invoicing-service","vendorPaymentBehaviorReport","UNKNOWN"
"/api/v1/projexa/vendor-risk","C:\ct\ct\src\app\api\v1\projexa\vendor-risk\route.ts","GET,POST","SK+RS(manager/write)","STD","risk-register-service","listVendorRiskProfiles,createVendorRiskProfile","/api/vendor-risk"
"/api/v1/projexa/vendors/[id]/bank-accounts","C:\ct\ct\src\app\api\v1\projexa\vendors\[id]\bank-accounts\route.ts","GET,POST","SK+RS(member/read|member/write)","STD","erp-vendor-master-service","listBankAccounts,addBankAccount","/api/vendors/[id]/bank-accounts"
"/api/v1/projexa/vendors/[id]/portal-links/[linkId]","C:\ct\ct\src\app\api\v1\projexa\vendors\[id]\portal-links\[linkId]\route.ts","DELETE","SK+RS(member/write)","STD","erp-vendor-master-service","revokePortalLink","/api/vendors/[id]/portal-links/[linkId]"
"/api/v1/projexa/vendors/[id]/portal-links","C:\ct\ct\src\app\api\v1\projexa\vendors\[id]\portal-links\route.ts","GET,POST","SK+RS(member/read|member/write)","STD","erp-vendor-master-service","listPortalLinks,createPortalLink","/api/vendors/[id]/portal-links"
"/api/v1/projexa/vendors/[id]/qualification","C:\ct\ct\src\app\api\v1\projexa\vendors\[id]\qualification\route.ts","GET,POST","SK+RS(member/read|member/write)","STD","erp-vendor-master-service","listQualificationReviews,recordQualificationReview","/api/vendors/[id]/qualification"
"/api/v1/projexa/vendors/[id]","C:\ct\ct\src\app\api\v1\projexa\vendors\[id]\route.ts","GET,PATCH","SK+RS(member/read|member/write)","STD","erp-buying-service","getSupplier,updateSupplier","/api/vendors/[id]"
"/api/v1/projexa/vendors/[id]/sanction-checks","C:\ct\ct\src\app\api\v1\projexa\vendors\[id]\sanction-checks\route.ts","GET,POST","SK+RS(member/read|member/write)","STD","erp-vendor-master-service","listSanctionChecks,recordSanctionCheck","/api/vendors/[id]/sanction-checks"
"/api/v1/projexa/vendors","C:\ct\ct\src\app\api\v1\projexa\vendors\route.ts","GET,POST","SK+RS(member/read|member/write)","STD","erp-buying-service","listSuppliers,createSupplier","/api/vendors; /api/shell"
"/api/v1/projexa/veri-meetings/[id]/action-items","C:\ct\ct\src\app\api\v1\projexa\veri-meetings\[id]\action-items\route.ts","POST","SK+RS(member/write)","STD","veri-meeting-service","addMeetingActionItem","/api/moms/[id]/action-items"
"/api/v1/projexa/veri-meetings/[id]/generate-intelligence","C:\ct\ct\src\app\api\v1\projexa\veri-meetings\[id]\generate-intelligence\route.ts","POST","SK+RS(member/write)","STD","veri-meeting-service","generateMeetingIntelligence","/api/moms/[id]/generate-intelligence"
"/api/v1/projexa/veri-meetings/[id]/pdf","C:\ct\ct\src\app\api\v1\projexa\veri-meetings\[id]\pdf\route.ts","GET","SK","CTX","veri-meeting-service;lib/db/tenant-scoped","getVeriMeeting as PDF","/api/moms/[id]/pdf"
"/api/v1/projexa/veri-meetings/[id]","C:\ct\ct\src\app\api\v1\projexa\veri-meetings\[id]\route.ts","GET,PATCH,DELETE","SK+RS(member/write)","STD","veri-meeting-service","getVeriMeeting,updateMeetingMinutes,publishVeriMeeting,deleteVeriMeeting","/api/moms/[id]"
"/api/v1/projexa/veri-meetings/[id]/share-links","C:\ct\ct\src\app\api\v1\projexa\veri-meetings\[id]\share-links\route.ts","GET,POST","SK+RS(member/write)","STD","veri-meeting-service","createMeetingShareLink,listMeetingShareLinks","/api/moms/[id]/share-links"
"/api/v1/projexa/veri-meetings","C:\ct\ct\src\app\api\v1\projexa\veri-meetings\route.ts","GET,POST","SK+RS(member/write)","STD","veri-meeting-service","listVeriMeetings,createVeriMeeting","/api/moms"
"/api/v1/projexa/veri-meetings/share-links/[linkId]","C:\ct\ct\src\app\api\v1\projexa\veri-meetings\share-links\[linkId]\route.ts","DELETE","SK+RS(member/write)","STD","veri-meeting-service","revokeMeetingShareLink","/api/moms/share-links/[linkId]"
"/api/v1/projexa/wiki/[id]","C:\ct\ct\src\app\api\v1\projexa\wiki\[id]\route.ts","GET,PATCH","SK+RS(member/read|member/write)","STD","pms-wiki-service","getWikiPage,updateWikiPage","/api/wiki/[id]"
"/api/v1/projexa/wiki/by-slug","C:\ct\ct\src\app\api\v1\projexa\wiki\by-slug\route.ts","GET","SK","STD","pms-wiki-service","getWikiPageBySlug","UNKNOWN"
"/api/v1/projexa/wiki","C:\ct\ct\src\app\api\v1\projexa\wiki\route.ts","GET,POST","SK+RS(member/write)","STD","pms-wiki-service","listWikiPages,createWikiPage","/api/wiki"
"/api/v1/projexa/work-progress/[id]","C:\ct\ct\src\app\api\v1\projexa\work-progress\[id]\route.ts","GET,PATCH,DELETE","SK+RS","STD","construction-progress-service","getProgressEntry,updateProgressEntry,deleteProgressEntry; alias of /api/v1/construction/progress/[id]","/api/work-progress/[id]"
"/api/v1/projexa/work-progress/activities","C:\ct\ct\src\app\api\v1\projexa\work-progress\activities\route.ts","GET,POST","SK+RS(member/write)","STD","construction-progress-service","listCategories,createCategory,listActivities,createActivity","/api/work-progress/activities; /api/work-progress/report"
"/api/v1/projexa/work-progress/report/pdf","C:\ct\ct\src\app\api\v1\projexa\work-progress\report\pdf\route.ts","GET","SK","CTX","lib/db/tenant-scoped;construction-boq-service;construction-progress-service","BOQ+progress report as PDF","/api/work-progress/report/pdf"
"/api/v1/projexa/work-progress/report/xlsx","C:\ct\ct\src\app\api\v1\projexa\work-progress\report\xlsx\route.ts","GET","SK+RS(member/read)","CTX","lib/db/tenant-scoped;construction-boq-service;construction-progress-service;erp-accounting-service","BOQ+progress report as XLSX","/api/work-progress/report/xlsx"
"/api/v1/projexa/work-progress","C:\ct\ct\src\app\api\v1\projexa\work-progress\route.ts","GET,POST","SK+RS","STD","construction-progress-service","listProgressEntries,createProgressEntry; alias of /api/v1/construction/progress","/api/work-progress; /api/work-progress/report; /api/dashboard-hierarchy/companies/[companyId]/projects/[projectId]"
"/api/v1/construction/attendance/bulk","C:\ct\ct\src\app\api\v1\construction\attendance\bulk\route.ts","POST","SK+RS(member/write)","STD","construction-labour-service","recordAttendanceBatch","Indirect: via alias /api/v1/projexa/attendance/bulk <- /api/attendance/bulk"
"/api/v1/construction/attendance","C:\ct\ct\src\app\api\v1\construction\attendance\route.ts","GET,POST","SK+RS(member/write)","STD","construction-labour-service","listAttendance,recordAttendance","Indirect: via alias /api/v1/projexa/attendance <- /api/attendance"
"/api/v1/construction/boq/[id]/approve","C:\ct\ct\src\app\api\v1\construction\boq\[id]\approve\route.ts","POST","SK+RS(manager/write)","STD","construction-boq-service","approveBoq","Indirect: via alias /api/v1/projexa/scope/[id]/approve <- /api/scope/[id]/approve"
"/api/v1/construction/boq/[id]/compare","C:\ct\ct\src\app\api\v1\construction\boq\[id]\compare\route.ts","GET","SK","STD","construction-boq-service","compareBoq","Indirect: via alias /api/v1/projexa/scope/[id]/compare <- /api/scope/[id]/compare"
"/api/v1/construction/boq/[id]/revisions","C:\ct\ct\src\app\api\v1\construction\boq\[id]\revisions\route.ts","POST","SK+RS(member/write)","STD","construction-boq-service","createBoqRevision","Indirect: via alias /api/v1/projexa/scope/[id]/revisions <- /api/scope/[id]/revisions"
"/api/v1/construction/boq/[id]","C:\ct\ct\src\app\api\v1\construction\boq\[id]\route.ts","GET,DELETE,PATCH","SK+RS(member/write)","STD","construction-boq-service","getBoq,updateBoq,deleteBoq","Indirect: via alias /api/v1/projexa/scope/[id] <- /api/scope/[id]"
"/api/v1/construction/boq/[id]/submit","C:\ct\ct\src\app\api\v1\construction\boq\[id]\submit\route.ts","POST","SK+RS","STD","construction-boq-service","submitBoq","Indirect: via alias /api/v1/projexa/scope/[id]/submit <- /api/scope/[id]/submit"
"/api/v1/construction/boq/categories/[id]","C:\ct\ct\src\app\api\v1\construction\boq\categories\[id]\route.ts","PATCH,DELETE","SK+RS(member/write)","STD","construction-boq-category-service","renameBoqCategory,deleteBoqCategory","Indirect: via alias /api/v1/projexa/scope/categories/[id]"
"/api/v1/construction/boq/categories","C:\ct\ct\src\app\api\v1\construction\boq\categories\route.ts","GET,POST","SK+RS(member/write)","STD","construction-boq-category-service","listBoqCategories,createBoqCategory","Indirect: via alias /api/v1/projexa/scope/categories"
"/api/v1/construction/boq/line-items/[id]","C:\ct\ct\src\app\api\v1\construction\boq\line-items\[id]\route.ts","PATCH","SK+RS(member/write)","STD","construction-boq-service","updateLineItemBudget","Indirect: via alias /api/v1/projexa/scope/line-items/[id]"
"/api/v1/construction/boq","C:\ct\ct\src\app\api\v1\construction\boq\route.ts","GET,POST","SK+RS(member/write)","STD","construction-boq-service","listBoqs,createBoq","Indirect: via alias /api/v1/projexa/scope <- /api/scope, /api/chain-options"
"/api/v1/construction/kpi-definitions/[id]","C:\ct\ct\src\app\api\v1\construction\kpi-definitions\[id]\route.ts","GET","SK","STD","construction-kpi-service","getKpiDefinition","Indirect: via alias /api/v1/projexa/kpis/[id] <- /api/kpis/[id]"
"/api/v1/construction/kpi-definitions","C:\ct\ct\src\app\api\v1\construction\kpi-definitions\route.ts","GET,POST","SK+RS(manager/write)","STD","construction-kpi-service","listKpiDefinitions,createKpiDefinition","Indirect: via alias /api/v1/projexa/kpis <- /api/kpis"
"/api/v1/construction/kpi-entries/[id]/approve","C:\ct\ct\src\app\api\v1\construction\kpi-entries\[id]\approve\route.ts","POST","SK+RS(manager/write)","STD","construction-kpi-service","approveKpiEntry","/api/kpi-entries/[id]/approve (root:true)"
"/api/v1/construction/kpi-entries","C:\ct\ct\src\app\api\v1\construction\kpi-entries\route.ts","GET,POST","SK+RS(member/write)","STD","construction-kpi-service","listKpiEntries,submitKpiEntry","/api/kpi-entries (root:true)"
"/api/v1/construction/labour-roster/[id]","C:\ct\ct\src\app\api\v1\construction\labour-roster\[id]\route.ts","GET,PATCH","SK+RS(member/write)","STD","construction-labour-service","getRosterEntry,updateRosterEntry","/api/labour-roster/[id] (root:true)"
"/api/v1/construction/labour-roster","C:\ct\ct\src\app\api\v1\construction\labour-roster\route.ts","GET,POST","SK+RS(member/write)","STD","construction-labour-service","listRoster,getLabourLanding,createRosterEntry","/api/labour-roster; /api/chain-options; /api/work-progress/report; PXlib:/lib/module-list-source.ts"
"/api/v1/construction/materials/[id]","C:\ct\ct\src\app\api\v1\construction\materials\[id]\route.ts","GET,PATCH","SK+RS(member/write)","STD","construction-materials-service","getMaterial,updateMaterial","/api/materials/master/[id] (root:true)"
"/api/v1/construction/materials/cost-report/export","C:\ct\ct\src\app\api\v1\construction\materials\cost-report\export\route.ts","GET","SK","CTX","construction-materials-service;lib/db/tenant-scoped","getMaterialCostReport export","/api/construction-materials/cost-report/export"
"/api/v1/construction/materials/cost-report","C:\ct\ct\src\app\api\v1\construction\materials\cost-report\route.ts","GET","SK","CTX","construction-materials-service","getMaterialCostReport","/api/construction-materials/cost-report"
"/api/v1/construction/materials/issues","C:\ct\ct\src\app\api\v1\construction\materials\issues\route.ts","GET,POST","SK+RS(member/write)","STD","construction-materials-service","listMaterialIssues,createMaterialIssue","/api/materials/issues (root:true)"
"/api/v1/construction/materials/receipts/[id]","C:\ct\ct\src\app\api\v1\construction\materials\receipts\[id]\route.ts","GET,PATCH","SK+RS(member/write)","STD","construction-materials-service","getMaterialReceipt,voidMaterialReceipt","/api/materials/[id] (root:true)"
"/api/v1/construction/materials/receipts","C:\ct\ct\src\app\api\v1\construction\materials\receipts\route.ts","GET,POST","SK+RS(member/write)","STD","construction-materials-service","listMaterialReceipts,createMaterialReceipt","/api/materials (root:true)"
"/api/v1/construction/materials","C:\ct\ct\src\app\api\v1\construction\materials\route.ts","GET,POST","SK+RS(member/write)","STD","construction-materials-service","listMaterials,createMaterial","/api/materials/master (root:true)"
"/api/v1/construction/predictions/[activityId]","C:\ct\ct\src\app\api\v1\construction\predictions\[activityId]\route.ts","GET","SK","STD","construction-prediction-service","predictActivityCompletion","UNKNOWN (aliased by /api/v1/projexa/predictions/[activityId], itself unused)"
"/api/v1/construction/progress/[id]","C:\ct\ct\src\app\api\v1\construction\progress\[id]\route.ts","GET,PATCH,DELETE","SK+RS(member/write)","STD","construction-progress-service","getProgressEntry,updateProgressEntry,deleteProgressEntry","Indirect: via alias /api/v1/projexa/work-progress/[id] <- /api/work-progress/[id]"
"/api/v1/construction/progress","C:\ct\ct\src\app\api\v1\construction\progress\route.ts","GET,POST","SK+RS(member/write)","STD","construction-progress-service","listProgressEntries,createProgressEntry","Indirect: via alias /api/v1/projexa/work-progress <- /api/work-progress"
"/api/v1/construction/site-diary/[id]","C:\ct\ct\src\app\api\v1\construction\site-diary\[id]\route.ts","GET","SK","STD","construction-site-diary-service","getSiteDiary","Indirect: via alias /api/v1/projexa/site-diary/[id] <- /api/site-diary/[id]"
"/api/v1/construction/site-diary","C:\ct\ct\src\app\api\v1\construction\site-diary\route.ts","GET,POST","SK+RS(member/write)","STD","construction-site-diary-service","listSiteDiaries,createSiteDiary","Indirect: via alias /api/v1/projexa/site-diary <- /api/site-diary"
"/api/v1/construction/site-instructions/[id]","C:\ct\ct\src\app\api\v1\construction\site-instructions\[id]\route.ts","GET","SK","STD","construction-site-instruction-service","getSiteInstruction","Indirect: via alias /api/v1/projexa/site-instructions/[id]"
"/api/v1/construction/site-instructions","C:\ct\ct\src\app\api\v1\construction\site-instructions\route.ts","GET,POST","SK+RS(member/write)","STD","construction-site-instruction-service","createSiteInstruction,listSiteInstructions","Indirect: via alias /api/v1/projexa/site-instructions"
"/api/erp/accounts","C:\ct\ct\src\app\api\erp\accounts\route.ts","GET,POST","S (session only)","G400","permission-service;erp-accounting-service","listAccounts,createAccount","UNKNOWN - API key cannot reach /api/erp/*"
"/api/erp/auctions/[id]/bids","C:\ct\ct\src\app\api\erp\auctions\[id]\bids\route.ts","GET","S (session only)","NONE","erp-procurement-workflow-service","listAuctionBids","UNKNOWN"
"/api/erp/auctions/[id]/close","C:\ct\ct\src\app\api\erp\auctions\[id]\close\route.ts","POST","S (session only)","G400","erp-procurement-workflow-service","closeReverseAuction","UNKNOWN"
"/api/erp/bank-accounts","C:\ct\ct\src\app\api\erp\bank-accounts\route.ts","GET","S (session only)","NONE","erp-accounting-service","listBankAccounts","UNKNOWN"
"/api/erp/bank-reconciliation/[id]/lines","C:\ct\ct\src\app\api\erp\bank-reconciliation\[id]\lines\route.ts","GET","S (session only)","NONE","erp-bank-reconciliation-service","listLines","UNKNOWN"
"/api/erp/bank-reconciliation/import","C:\ct\ct\src\app\api\erp\bank-reconciliation\import\route.ts","POST","S (session only)","G400","permission-service;erp-bank-reconciliation-service","importBankStatement","UNKNOWN"
"/api/erp/bank-reconciliation/lines/[id]/ignore","C:\ct\ct\src\app\api\erp\bank-reconciliation\lines\[id]\ignore\route.ts","POST","S (session only)","G400","permission-service;erp-bank-reconciliation-service","ignoreLine","UNKNOWN"
"/api/erp/bank-reconciliation/lines/[id]/match","C:\ct\ct\src\app\api\erp\bank-reconciliation\lines\[id]\match\route.ts","POST","S (session only)","G400","permission-service;erp-bank-reconciliation-service","matchLine","UNKNOWN"
"/api/erp/bank-reconciliation/lines/[id]/suggest","C:\ct\ct\src\app\api\erp\bank-reconciliation\lines\[id]\suggest\route.ts","GET","S (session only)","G400","erp-bank-reconciliation-service","suggestMatches","UNKNOWN"
"/api/erp/bank-reconciliation","C:\ct\ct\src\app\api\erp\bank-reconciliation\route.ts","GET","S (session only)","NONE","erp-bank-reconciliation-service","listImports","UNKNOWN"
"/api/erp/budgets/[id]/cancel","C:\ct\ct\src\app\api\erp\budgets\[id]\cancel\route.ts","POST","S (session only)","G400","erp-budget-service","cancelBudget","UNKNOWN"
"/api/erp/budgets/[id]","C:\ct\ct\src\app\api\erp\budgets\[id]\route.ts","GET,PATCH","S (session only)","G400","erp-budget-service","getBudget,updateBudgetLineItems","UNKNOWN"
"/api/erp/budgets/[id]/submit","C:\ct\ct\src\app\api\erp\budgets\[id]\submit\route.ts","POST","S (session only)","G400","erp-budget-service","submitBudget","UNKNOWN"
"/api/erp/budgets/[id]/variance","C:\ct\ct\src\app\api\erp\budgets\[id]\variance\route.ts","GET","S (session only)","G400","erp-budget-service","getBudgetVariance","UNKNOWN"
"/api/erp/budgets","C:\ct\ct\src\app\api\erp\budgets\route.ts","GET,POST","S (session only)","G400","erp-budget-service","listBudgets,createBudget","UNKNOWN"
"/api/erp/buying/goods-receipts/[id]/landed-costs","C:\ct\ct\src\app\api\erp\buying\goods-receipts\[id]\landed-costs\route.ts","GET,POST","S (session only)","G400","erp-goods-receipt-service;permission-service","listLandedCostVouchers,createLandedCostVoucher","UNKNOWN"
"/api/erp/buying/goods-receipts/[id]/putaway","C:\ct\ct\src\app\api\erp\buying\goods-receipts\[id]\putaway\route.ts","POST","S (session only)","G400","erp-goods-receipt-service;permission-service","markPutawayComplete","UNKNOWN"
"/api/erp/buying/goods-receipts/[id]","C:\ct\ct\src\app\api\erp\buying\goods-receipts\[id]\route.ts","GET","S (session only)","G400","erp-goods-receipt-service","getPurchaseReceipt","UNKNOWN"
"/api/erp/buying/goods-receipts/[id]/submit","C:\ct\ct\src\app\api\erp\buying\goods-receipts\[id]\submit\route.ts","POST","S (session only)","G400","erp-goods-receipt-service;permission-service","submitPurchaseReceipt","UNKNOWN"
"/api/erp/buying/goods-receipts/items/[itemId]/putaway","C:\ct\ct\src\app\api\erp\buying\goods-receipts\items\[itemId]\putaway\route.ts","PATCH","S (session only)","G400","erp-goods-receipt-service;permission-service","updatePutawayLocation","UNKNOWN"
"/api/erp/buying/goods-receipts","C:\ct\ct\src\app\api\erp\buying\goods-receipts\route.ts","GET,POST","S (session only)","G400","erp-goods-receipt-service;permission-service","listPurchaseReceipts,createPurchaseReceipt","UNKNOWN"
"/api/erp/buying/purchase-orders/[id]","C:\ct\ct\src\app\api\erp\buying\purchase-orders\[id]\route.ts","GET","S (session only)","G400","erp-buying-service","getPurchaseOrder","UNKNOWN"
"/api/erp/buying/purchase-orders/[id]/submit","C:\ct\ct\src\app\api\erp\buying\purchase-orders\[id]\submit\route.ts","POST","S (session only)","G400","erp-buying-service","submitPurchaseOrder","UNKNOWN"
"/api/erp/buying/purchase-orders/[id]/three-way-match","C:\ct\ct\src\app\api\erp\buying\purchase-orders\[id]\three-way-match\route.ts","GET","S (session only)","G400","erp-goods-receipt-service","getThreeWayMatchReport","UNKNOWN"
"/api/erp/buying/purchase-orders","C:\ct\ct\src\app\api\erp\buying\purchase-orders\route.ts","GET,POST","S (session only)","G400","erp-buying-service;permission-service","listPurchaseOrders,createPurchaseOrder","UNKNOWN"
"/api/erp/buying/suppliers/[id]/bank-accounts","C:\ct\ct\src\app\api\erp\buying\suppliers\[id]\bank-accounts\route.ts","GET,POST","S (session only)","G400","erp-vendor-master-service","addBankAccount,listBankAccounts","UNKNOWN"
"/api/erp/buying/suppliers/[id]/portal-links","C:\ct\ct\src\app\api\erp\buying\suppliers\[id]\portal-links\route.ts","GET,POST","S (session only)","G400","erp-vendor-master-service","createPortalLink,listPortalLinks","UNKNOWN"
"/api/erp/buying/suppliers/[id]/qualifications","C:\ct\ct\src\app\api\erp\buying\suppliers\[id]\qualifications\route.ts","GET,POST","S (session only)","G400","erp-vendor-master-service","recordQualificationReview,listQualificationReviews","UNKNOWN"
"/api/erp/buying/suppliers/[id]","C:\ct\ct\src\app\api\erp\buying\suppliers\[id]\route.ts","PATCH","S (session only)","G400","erp-buying-service","updateSupplier","UNKNOWN"
"/api/erp/buying/suppliers/[id]/sanction-checks","C:\ct\ct\src\app\api\erp\buying\suppliers\[id]\sanction-checks\route.ts","GET,POST","S (session only)","G400","erp-vendor-master-service","recordSanctionCheck,listSanctionChecks","UNKNOWN"
"/api/erp/buying/suppliers/[id]/scorecard","C:\ct\ct\src\app\api\erp\buying\suppliers\[id]\scorecard\route.ts","GET","S (session only)","G400","erp-buying-service","getSupplierScorecard","UNKNOWN"
"/api/erp/buying/suppliers/[id]/tax-withholding","C:\ct\ct\src\app\api\erp\buying\suppliers\[id]\tax-withholding\route.ts","POST","S (session only)","G400","erp-buying-service","updateSupplierTaxWithholding","UNKNOWN"
"/api/erp/buying/suppliers/portal-links/[linkId]","C:\ct\ct\src\app\api\erp\buying\suppliers\portal-links\[linkId]\route.ts","DELETE","S (session only)","G400","erp-vendor-master-service","revokePortalLink","UNKNOWN"
"/api/erp/buying/suppliers","C:\ct\ct\src\app\api\erp\buying\suppliers\route.ts","GET,POST","S (session only)","G400","erp-buying-service","listSuppliers,createSupplier","UNKNOWN"
"/api/erp/buying/suppliers/scorecards","C:\ct\ct\src\app\api\erp\buying\suppliers\scorecards\route.ts","GET","S (session only)","NONE","erp-buying-service","listSupplierScorecards","UNKNOWN"
"/api/erp/cash-accounts","C:\ct\ct\src\app\api\erp\cash-accounts\route.ts","GET,POST","S (session only)","G400","erp-cash-service;permission-service","listCashAccounts,createCashAccount","UNKNOWN"
"/api/erp/cash-vouchers","C:\ct\ct\src\app\api\erp\cash-vouchers\route.ts","GET,POST","S (session only)","G400","erp-cash-service;permission-service","listCashVouchers,createAndPostCashVoucher","UNKNOWN"
"/api/erp/companies/[id]","C:\ct\ct\src\app\api\erp\companies\[id]\route.ts","PATCH","S (session only)","G400","erp-company-service","updateCompany","UNKNOWN"
"/api/erp/companies","C:\ct\ct\src\app\api\erp\companies\route.ts","GET,POST","S (session only)","G400","erp-company-service","listCompanies,createCompany","UNKNOWN"
"/api/erp/contracts/[id]/amendments","C:\ct\ct\src\app\api\erp\contracts\[id]\amendments\route.ts","POST","S (session only)","G400","erp-contract-service","addAmendment","UNKNOWN"
"/api/erp/contracts/[id]/billing-schedules/[scheduleId]/generate-invoice","C:\ct\ct\src\app\api\erp\contracts\[id]\billing-schedules\[scheduleId]\generate-invoice\route.ts","POST","S (session only)","G400","erp-contract-service","generateInvoiceFromBillingSchedule","UNKNOWN"
"/api/erp/contracts/[id]/billing-schedules","C:\ct\ct\src\app\api\erp\contracts\[id]\billing-schedules\route.ts","POST","S (session only)","G400","erp-contract-service","addBillingSchedule","UNKNOWN"
"/api/erp/contracts/[id]/generate-from-template","C:\ct\ct\src\app\api\erp\contracts\[id]\generate-from-template\route.ts","POST","S (session only)","G400","erp-contract-service","generateContractFromTemplate","UNKNOWN"
"/api/erp/contracts/[id]/negotiation-rounds","C:\ct\ct\src\app\api\erp\contracts\[id]\negotiation-rounds\route.ts","GET,POST","S (session only)","G400","erp-contract-service","addContractNegotiationRound,listContractNegotiationRounds","UNKNOWN"
"/api/erp/contracts/[id]/obligations","C:\ct\ct\src\app\api\erp\contracts\[id]\obligations\route.ts","POST","S (session only)","G400","erp-contract-service","addObligation","UNKNOWN"
"/api/erp/contracts/[id]/revenue-schedules","C:\ct\ct\src\app\api\erp\contracts\[id]\revenue-schedules\route.ts","POST","S (session only)","G400","erp-contract-service","addRevenueSchedule","UNKNOWN"
"/api/erp/contracts/[id]","C:\ct\ct\src\app\api\erp\contracts\[id]\route.ts","GET,PATCH","S (session only)","G400","erp-contract-service","getContract,updateContractStatus","UNKNOWN"
"/api/erp/contracts/obligations/[id]/complete","C:\ct\ct\src\app\api\erp\contracts\obligations\[id]\complete\route.ts","POST","S (session only)","G400","erp-contract-service","completeObligation","UNKNOWN"
"/api/erp/contracts","C:\ct\ct\src\app\api\erp\contracts\route.ts","GET,POST","S (session only)","G400","erp-contract-service","listContracts,createContract","UNKNOWN"
"/api/erp/cost-centers","C:\ct\ct\src\app\api\erp\cost-centers\route.ts","GET,POST","S (session only)","G400","erp-accounting-service;permission-service","listCostCenters,createCostCenter","UNKNOWN"
"/api/erp/currencies","C:\ct\ct\src\app\api\erp\currencies\route.ts","GET,POST","S (session only)","G400","erp-accounting-service","listCurrencies,createCurrency","UNKNOWN"
"/api/erp/e-invoice-logs/[id]/cancel","C:\ct\ct\src\app\api\erp\e-invoice-logs\[id]\cancel\route.ts","POST","S (session only)","G400","erp-einvoice-service","cancelEInvoice","UNKNOWN"
"/api/erp/e-invoice-logs/[id]/generate","C:\ct\ct\src\app\api\erp\e-invoice-logs\[id]\generate\route.ts","POST","S (session only)","G400","erp-einvoice-service","markEInvoiceGenerated","UNKNOWN"
"/api/erp/enablement","C:\ct\ct\src\app\api\erp\enablement\route.ts","GET,POST,DELETE","S (session only)","G400","erp-enablement-service","getErpEnablement,enableErpForOrg,disableErpForOrg","UNKNOWN"
"/api/erp/exchange-rates/latest","C:\ct\ct\src\app\api\erp\exchange-rates\latest\route.ts","GET","S (session only)","NONE","erp-accounting-service","getLatestExchangeRate","UNKNOWN"
"/api/erp/exchange-rates/refresh","C:\ct\ct\src\app\api\erp\exchange-rates\refresh\route.ts","POST","S (session only)","G400","erp-accounting-service","refreshLiveExchangeRates","UNKNOWN"
"/api/erp/exchange-rates","C:\ct\ct\src\app\api\erp\exchange-rates\route.ts","GET,POST","S (session only)","G400","erp-accounting-service","listExchangeRates,createExchangeRate","UNKNOWN"
"/api/erp/fiscal-years","C:\ct\ct\src\app\api\erp\fiscal-years\route.ts","GET,POST","S (session only)","G400","permission-service;erp-accounting-service","listFiscalYears,createFiscalYear","UNKNOWN"
"/api/erp/fixed-assets/[id]/disposals","C:\ct\ct\src\app\api\erp\fixed-assets\[id]\disposals\route.ts","GET,POST","S (session only)","G400","permission-service;erp-fixed-assets-service","listAssetDisposals,initiateAssetDisposal","UNKNOWN"
"/api/erp/fixed-assets/[id]/movements","C:\ct\ct\src\app\api\erp\fixed-assets\[id]\movements\route.ts","GET,POST","S (session only)","G400","permission-service;erp-fixed-assets-service","listAssetMovements,createAssetMovement","UNKNOWN"
"/api/erp/fixed-assets/[id]","C:\ct\ct\src\app\api\erp\fixed-assets\[id]\route.ts","GET,PATCH","S (session only)","G400","permission-service;erp-fixed-assets-service","getFixedAsset,updateFixedAsset","UNKNOWN"
"/api/erp/fixed-assets/[id]/schedule","C:\ct\ct\src\app\api\erp\fixed-assets\[id]\schedule\route.ts","GET","S (session only)","G400","erp-fixed-assets-service","listDepreciationSchedule","UNKNOWN"
"/api/erp/fixed-assets/[id]/submit","C:\ct\ct\src\app\api\erp\fixed-assets\[id]\submit\route.ts","POST","S (session only)","G400","permission-service;erp-fixed-assets-service","submitFixedAsset","UNKNOWN"
"/api/erp/fixed-assets/categories/[id]","C:\ct\ct\src\app\api\erp\fixed-assets\categories\[id]\route.ts","PATCH","S (session only)","G400","permission-service;erp-fixed-assets-service","updateAssetCategory","UNKNOWN"
"/api/erp/fixed-assets/categories","C:\ct\ct\src\app\api\erp\fixed-assets\categories\route.ts","GET,POST","S (session only)","G400","permission-service;erp-fixed-assets-service","listAssetCategories,createAssetCategory","UNKNOWN"
"/api/erp/fixed-assets/depreciation-runs","C:\ct\ct\src\app\api\erp\fixed-assets\depreciation-runs\route.ts","POST","S (session only)","G400","permission-service;erp-fixed-assets-service","runDepreciationBatch","UNKNOWN"
"/api/erp/fixed-assets","C:\ct\ct\src\app\api\erp\fixed-assets\route.ts","GET,POST","S (session only)","G400","permission-service;erp-fixed-assets-service","listFixedAssets,createFixedAsset","UNKNOWN"
"/api/erp/inventory/abc-classification","C:\ct\ct\src\app\api\erp\inventory\abc-classification\route.ts","GET,POST","S (session only)","G400","erp-inventory-planning-service;permission-service","listAbcClassifications,computeAbcClassification","UNKNOWN"
"/api/erp/inventory/cycle-count-lines/[id]/adjust","C:\ct\ct\src\app\api\erp\inventory\cycle-count-lines\[id]\adjust\route.ts","POST","S (session only)","G400","erp-inventory-planning-service","postCycleCountAdjustment","UNKNOWN"
"/api/erp/inventory/cycle-count-lines/[id]/count","C:\ct\ct\src\app\api\erp\inventory\cycle-count-lines\[id]\count\route.ts","POST","S (session only)","G400","erp-inventory-planning-service;permission-service","recordCycleCount","UNKNOWN"
"/api/erp/inventory/cycle-count-plans/[id]","C:\ct\ct\src\app\api\erp\inventory\cycle-count-plans\[id]\route.ts","GET","S (session only)","G400","erp-inventory-planning-service","getCycleCountPlan","UNKNOWN"
"/api/erp/inventory/cycle-count-plans","C:\ct\ct\src\app\api\erp\inventory\cycle-count-plans\route.ts","GET,POST","S (session only)","G400","erp-inventory-planning-service;permission-service","listCycleCountPlans,createCycleCountPlan","UNKNOWN"
"/api/erp/inventory/issues","C:\ct\ct\src\app\api\erp\inventory\issues\route.ts","POST","S (session only)","G400","erp-inventory-service;permission-service","recordStockIssue","UNKNOWN"
"/api/erp/inventory/ledger","C:\ct\ct\src\app\api\erp\inventory\ledger\route.ts","GET","S (session only)","NONE","erp-inventory-service","listStockLedger","UNKNOWN"
"/api/erp/inventory/receipts","C:\ct\ct\src\app\api\erp\inventory\receipts\route.ts","POST","S (session only)","G400","erp-inventory-service;permission-service","recordStockReceipt","UNKNOWN"
"/api/erp/inventory/reorder-levels","C:\ct\ct\src\app\api\erp\inventory\reorder-levels\route.ts","GET,POST","S (session only)","G400","erp-inventory-planning-service;permission-service","listReorderLevels,setReorderLevel","UNKNOWN"
"/api/erp/inventory/reorder-suggestions","C:\ct\ct\src\app\api\erp\inventory\reorder-suggestions\route.ts","GET","S (session only)","NONE","erp-inventory-planning-service","getReorderSuggestions","UNKNOWN"
"/api/erp/inventory/valuation","C:\ct\ct\src\app\api\erp\inventory\valuation\route.ts","GET","S (session only)","G400","erp-inventory-service","getItemValuation","UNKNOWN"
"/api/erp/journal-entries/[id]","C:\ct\ct\src\app\api\erp\journal-entries\[id]\route.ts","GET","S (session only)","G400","erp-accounting-service","getJournalEntry","UNKNOWN"
"/api/erp/journal-entries/[id]/submit","C:\ct\ct\src\app\api\erp\journal-entries\[id]\submit\route.ts","POST","S (session only)","G400","permission-service;erp-accounting-service","submitJournalEntry","UNKNOWN"
"/api/erp/journal-entries","C:\ct\ct\src\app\api\erp\journal-entries\route.ts","GET,POST","S (session only)","G400","permission-service;erp-accounting-service","listJournalEntries,createJournalEntry (draft only)","UNKNOWN"
"/api/erp/parties/[type]/[id]/addresses/[addressId]","C:\ct\ct\src\app\api\erp\parties\[type]\[id]\addresses\[addressId]\route.ts","DELETE","S (session only)","G400","erp-party-service","deleteAddress","UNKNOWN"
"/api/erp/parties/[type]/[id]/addresses","C:\ct\ct\src\app\api\erp\parties\[type]\[id]\addresses\route.ts","GET,POST","S (session only)","G400","erp-party-service","listAddresses,addAddress","UNKNOWN"
"/api/erp/parties/[type]/[id]/contacts/[contactId]","C:\ct\ct\src\app\api\erp\parties\[type]\[id]\contacts\[contactId]\route.ts","DELETE","S (session only)","G400","erp-party-service","deleteContact","UNKNOWN"
"/api/erp/parties/[type]/[id]/contacts","C:\ct\ct\src\app\api\erp\parties\[type]\[id]\contacts\route.ts","GET,POST","S (session only)","G400","erp-party-service","listContacts,addContact","UNKNOWN"
"/api/erp/payment-entries/[id]/audit-log","C:\ct\ct\src\app\api\erp\payment-entries\[id]\audit-log\route.ts","GET","S (session only)","NONE","erp-payment-entries-service","getPaymentEntryAuditTrail","UNKNOWN"
"/api/erp/payment-entries/[id]/cancel","C:\ct\ct\src\app\api\erp\payment-entries\[id]\cancel\route.ts","POST","S (session only)","G400","erp-payment-entries-service","cancelPaymentEntry","UNKNOWN"
"/api/erp/payment-entries/[id]/decide","C:\ct\ct\src\app\api\erp\payment-entries\[id]\decide\route.ts","POST","S (session only)","G400","erp-payment-entries-service","decidePaymentEntry","UNKNOWN"
"/api/erp/payment-entries/[id]","C:\ct\ct\src\app\api\erp\payment-entries\[id]\route.ts","GET","S (session only)","G400","erp-payment-entries-service","getPaymentEntry","UNKNOWN"
"/api/erp/payment-entries/[id]/submit","C:\ct\ct\src\app\api\erp\payment-entries\[id]\submit\route.ts","POST","S (session only)","G400","erp-payment-entries-service","submitPaymentEntry","UNKNOWN"
"/api/erp/payment-entries/pending-approvals","C:\ct\ct\src\app\api\erp\payment-entries\pending-approvals\route.ts","GET","S (session only)","NONE","erp-payment-entries-service","listPendingPaymentApprovals","UNKNOWN"
"/api/erp/payment-entries","C:\ct\ct\src\app\api\erp\payment-entries\route.ts","GET,POST","S (session only)","G400","erp-payment-entries-service","listPaymentEntries,createPaymentEntry","UNKNOWN"
"/api/erp/payroll/employees/[id]/income-tax-slab","C:\ct\ct\src\app\api\erp\payroll\employees\[id]\income-tax-slab\route.ts","POST","S (session only)","G400","erp-payroll-service","assignIncomeTaxSlab","UNKNOWN"
"/api/erp/payroll/employees/[id]/tax-exemptions","C:\ct\ct\src\app\api\erp\payroll\employees\[id]\tax-exemptions\route.ts","GET,POST","S (session only)","G400","erp-payroll-service","listEmployeeTaxExemptions,createEmployeeTaxExemption","UNKNOWN"
"/api/erp/payroll/income-tax-slabs","C:\ct\ct\src\app\api\erp\payroll\income-tax-slabs\route.ts","GET,POST","S (session only)","G400","erp-payroll-service","listIncomeTaxSlabs,createIncomeTaxSlab","UNKNOWN"
"/api/erp/payroll/payslips/[id]/finalize","C:\ct\ct\src\app\api\erp\payroll\payslips\[id]\finalize\route.ts","POST","S (session only)","G400","erp-payroll-service","finalizePayslip","UNKNOWN"
"/api/erp/payroll/payslips/[id]/tds","C:\ct\ct\src\app\api\erp\payroll\payslips\[id]\tds\route.ts","POST","S (session only)","G400","erp-payroll-service","updatePayslipTds","UNKNOWN"
"/api/erp/payroll/runs/[id]/payslips","C:\ct\ct\src\app\api\erp\payroll\runs\[id]\payslips\route.ts","GET","S (session only)","NONE","erp-payroll-service","listPayslips","UNKNOWN"
"/api/erp/payroll/runs/[id]/process","C:\ct\ct\src\app\api\erp\payroll\runs\[id]\process\route.ts","POST","S (session only)","G400","erp-payroll-service","processPayrollRun","UNKNOWN"
"/api/erp/payroll/runs","C:\ct\ct\src\app\api\erp\payroll\runs\route.ts","GET,POST","S (session only)","G400","erp-payroll-service","listPayrollRuns,createPayrollRun","UNKNOWN"
"/api/erp/payroll/salary-components","C:\ct\ct\src\app\api\erp\payroll\salary-components\route.ts","GET,POST","S (session only)","G400","erp-payroll-service","listSalaryComponents,createSalaryComponent","UNKNOWN"
"/api/erp/payroll/salary-structures","C:\ct\ct\src\app\api\erp\payroll\salary-structures\route.ts","GET,POST","S (session only)","G400","erp-payroll-service","listSalaryStructures,createSalaryStructure","UNKNOWN"
"/api/erp/payroll/statutory-rules","C:\ct\ct\src\app\api\erp\payroll\statutory-rules\route.ts","GET,POST","S (session only)","G400","erp-payroll-service","listStatutoryRules,createStatutoryRule","UNKNOWN"
"/api/erp/periods/[id]/checklist","C:\ct\ct\src\app\api\erp\periods\[id]\checklist\route.ts","GET,POST","S (session only)","G400","erp-financial-report-service","listChecklistItems,addChecklistItem","UNKNOWN"
"/api/erp/periods/[id]/close","C:\ct\ct\src\app\api\erp\periods\[id]\close\route.ts","POST","S (session only)","G400","permission-service;erp-financial-report-service","closePeriod","UNKNOWN"
"/api/erp/periods/[id]/reopen","C:\ct\ct\src\app\api\erp\periods\[id]\reopen\route.ts","POST","S (session only)","G400","permission-service;erp-financial-report-service","reopenPeriod","UNKNOWN"
"/api/erp/periods/[id]/sign-off","C:\ct\ct\src\app\api\erp\periods\[id]\sign-off\route.ts","POST","S (session only)","G400","permission-service;erp-financial-report-service","signOffPeriod","UNKNOWN"
"/api/erp/periods/checklist/[itemId]/complete","C:\ct\ct\src\app\api\erp\periods\checklist\[itemId]\complete\route.ts","POST","S (session only)","G400","permission-service;erp-financial-report-service","completeChecklistItem","UNKNOWN"
"/api/erp/periods/generate","C:\ct\ct\src\app\api\erp\periods\generate\route.ts","POST","S (session only)","G400","permission-service;erp-financial-report-service","generatePeriodsForFiscalYear","UNKNOWN"
"/api/erp/periods","C:\ct\ct\src\app\api\erp\periods\route.ts","GET","S (session only)","NONE","erp-financial-report-service","listPeriods","UNKNOWN"
"/api/erp/pricing-rules","C:\ct\ct\src\app\api\erp\pricing-rules\route.ts","GET,POST","S (session only)","G400","erp-invoicing-service","listPricingRules,createPricingRule","UNKNOWN"
"/api/erp/procurement/quotations","C:\ct\ct\src\app\api\erp\procurement\quotations\route.ts","GET,POST","S (session only)","G400","erp-procurement-workflow-service;permission-service","listSupplierQuotations,createSupplierQuotation","UNKNOWN"
"/api/erp/procurement/requisitions/[id]/submit","C:\ct\ct\src\app\api\erp\procurement\requisitions\[id]\submit\route.ts","POST","S (session only)","G400","erp-procurement-workflow-service","submitPurchaseRequisition","UNKNOWN"
"/api/erp/procurement/requisitions","C:\ct\ct\src\app\api\erp\procurement\requisitions\route.ts","GET,POST","S (session only)","G400","erp-procurement-workflow-service","listPurchaseRequisitions,createPurchaseRequisition","UNKNOWN"
"/api/erp/procurement/rfqs/[id]/quotations","C:\ct\ct\src\app\api\erp\procurement\rfqs\[id]\quotations\route.ts","GET","S (session only)","NONE","erp-procurement-workflow-service","compareQuotationsForRfq","UNKNOWN"
"/api/erp/procurement/rfqs/[id]/send","C:\ct\ct\src\app\api\erp\procurement\rfqs\[id]\send\route.ts","POST","S (session only)","G400","erp-procurement-workflow-service;permission-service","sendRfq","UNKNOWN"
"/api/erp/procurement/rfqs","C:\ct\ct\src\app\api\erp\procurement\rfqs\route.ts","GET,POST","S (session only)","G400","erp-procurement-workflow-service;permission-service","listRfqs,createRfq","UNKNOWN"
"/api/erp/purchase-credit-notes/[id]/submit","C:\ct\ct\src\app\api\erp\purchase-credit-notes\[id]\submit\route.ts","POST","S (session only)","G400","erp-credit-note-service;permission-service","submitPurchaseCreditNote","UNKNOWN"
"/api/erp/purchase-credit-notes","C:\ct\ct\src\app\api\erp\purchase-credit-notes\route.ts","GET,POST","S (session only)","G400","erp-credit-note-service;permission-service","listPurchaseCreditNotes,createPurchaseCreditNote","UNKNOWN"
"/api/erp/purchase-invoices/[id]/submit","C:\ct\ct\src\app\api\erp\purchase-invoices\[id]\submit\route.ts","POST","S (session only)","G400","erp-invoicing-service","submitPurchaseInvoice","UNKNOWN"
"/api/erp/purchase-invoices","C:\ct\ct\src\app\api\erp\purchase-invoices\route.ts","GET,POST","S (session only)","G400","erp-invoicing-service","listPurchaseInvoices,createPurchaseInvoice","UNKNOWN"
"/api/erp/quotations/[id]/negotiation-rounds","C:\ct\ct\src\app\api\erp\quotations\[id]\negotiation-rounds\route.ts","GET,POST","S (session only)","G400","erp-procurement-workflow-service","listNegotiationRounds,addNegotiationRound","UNKNOWN"
"/api/erp/quotations/[id]/scores","C:\ct\ct\src\app\api\erp\quotations\[id]\scores\route.ts","GET,POST","S (session only)","G400","erp-procurement-workflow-service","listQuotationScores,scoreQuotation","UNKNOWN"
"/api/erp/reports/balance-sheet","C:\ct\ct\src\app\api\erp\reports\balance-sheet\route.ts","GET","S (session only)","G400","erp-financial-report-service","balanceSheet","UNKNOWN"
"/api/erp/reports/cash-flow","C:\ct\ct\src\app\api\erp\reports\cash-flow\route.ts","GET","S (session only)","G400","erp-financial-report-service","cashFlowStatement","UNKNOWN"
"/api/erp/reports/gl-account-balance-display","C:\ct\ct\src\app\api\erp\reports\gl-account-balance-display\route.ts","GET","S (session only)","G400","erp-financial-report-service","glAccountBalanceDisplay","UNKNOWN"
"/api/erp/reports/gl-account-group-balances","C:\ct\ct\src\app\api\erp\reports\gl-account-group-balances\route.ts","GET","S (session only)","G400","erp-financial-report-service","glAccountGroupBalancesSummary","UNKNOWN"
"/api/erp/reports/profit-and-loss","C:\ct\ct\src\app\api\erp\reports\profit-and-loss\route.ts","GET","S (session only)","G400","erp-financial-report-service","profitAndLoss","UNKNOWN"
"/api/erp/reports/subledger-gl-reconciliation","C:\ct\ct\src\app\api\erp\reports\subledger-gl-reconciliation\route.ts","GET","S (session only)","G400","erp-financial-report-service","subledgerToGlReconciliation","UNKNOWN"
"/api/erp/reports/trial-balance","C:\ct\ct\src\app\api\erp\reports\trial-balance\route.ts","GET","S (session only)","G400","erp-financial-report-service","trialBalance","UNKNOWN"
"/api/erp/returns/purchase/[id]/approve","C:\ct\ct\src\app\api\erp\returns\purchase\[id]\approve\route.ts","POST","S (session only)","G400","erp-returns-service","approvePurchaseReturn","UNKNOWN"
"/api/erp/returns/purchase/[id]/credit-note","C:\ct\ct\src\app\api\erp\returns\purchase\[id]\credit-note\route.ts","POST","S (session only)","G400","erp-returns-service;permission-service","linkPurchaseReturnCreditNote","UNKNOWN"
"/api/erp/returns/purchase/[id]/dispatch","C:\ct\ct\src\app\api\erp\returns\purchase\[id]\dispatch\route.ts","POST","S (session only)","G400","erp-returns-service","dispatchPurchaseReturn","UNKNOWN"
"/api/erp/returns/purchase/[id]/reject","C:\ct\ct\src\app\api\erp\returns\purchase\[id]\reject\route.ts","POST","S (session only)","G400","erp-returns-service","rejectPurchaseReturn","UNKNOWN"
"/api/erp/returns/purchase","C:\ct\ct\src\app\api\erp\returns\purchase\route.ts","GET,POST","S (session only)","G400","erp-returns-service","listPurchaseReturns,createPurchaseReturn","UNKNOWN"
"/api/erp/returns/sales/[id]/approve","C:\ct\ct\src\app\api\erp\returns\sales\[id]\approve\route.ts","POST","S (session only)","G400","erp-returns-service","approveSalesReturn","UNKNOWN"
"/api/erp/returns/sales/[id]/credit-note","C:\ct\ct\src\app\api\erp\returns\sales\[id]\credit-note\route.ts","POST","S (session only)","G400","erp-returns-service;permission-service","linkSalesReturnCreditNote","UNKNOWN"
"/api/erp/returns/sales/[id]/receive","C:\ct\ct\src\app\api\erp\returns\sales\[id]\receive\route.ts","POST","S (session only)","G400","erp-returns-service","receiveSalesReturn","UNKNOWN"
"/api/erp/returns/sales/[id]/reject","C:\ct\ct\src\app\api\erp\returns\sales\[id]\reject\route.ts","POST","S (session only)","G400","erp-returns-service","rejectSalesReturn","UNKNOWN"
"/api/erp/returns/sales","C:\ct\ct\src\app\api\erp\returns\sales\route.ts","GET,POST","S (session only)","G400","erp-returns-service","listSalesReturns,createSalesReturn","UNKNOWN"
"/api/erp/rfqs/[id]/auctions","C:\ct\ct\src\app\api\erp\rfqs\[id]\auctions\route.ts","GET,POST","S (session only)","G400","erp-procurement-workflow-service","listReverseAuctions,createReverseAuction","UNKNOWN"
"/api/erp/rfqs/[id]/scoring-criteria","C:\ct\ct\src\app\api\erp\rfqs\[id]\scoring-criteria\route.ts","GET,POST","S (session only)","G400","erp-procurement-workflow-service","listScoringCriteria,addScoringCriterion","UNKNOWN"
"/api/erp/sales-credit-notes/[id]/submit","C:\ct\ct\src\app\api\erp\sales-credit-notes\[id]\submit\route.ts","POST","S (session only)","G400","erp-credit-note-service;permission-service","submitSalesCreditNote","UNKNOWN"
"/api/erp/sales-credit-notes","C:\ct\ct\src\app\api\erp\sales-credit-notes\route.ts","GET,POST","S (session only)","G400","erp-credit-note-service;permission-service","listSalesCreditNotes,createSalesCreditNote","UNKNOWN"
"/api/erp/sales-invoices/[id]/e-invoice","C:\ct\ct\src\app\api\erp\sales-invoices\[id]\e-invoice\route.ts","GET,POST","S (session only)","G400","erp-einvoice-service;permission-service","listEInvoiceLogs,generateEInvoicePayload","UNKNOWN"
"/api/erp/sales-invoices/[id]/submit","C:\ct\ct\src\app\api\erp\sales-invoices\[id]\submit\route.ts","POST","S (session only)","G400","erp-invoicing-service;permission-service","submitSalesInvoice","UNKNOWN"
"/api/erp/sales-invoices","C:\ct\ct\src\app\api\erp\sales-invoices\route.ts","GET,POST","S (session only)","G400","erp-invoicing-service;permission-service","listSalesInvoices,createSalesInvoice","UNKNOWN"
"/api/erp/selling/customers/[id]","C:\ct\ct\src\app\api\erp\selling\customers\[id]\route.ts","PATCH","S (session only)","G400","erp-selling-service","updateCustomer","UNKNOWN"
"/api/erp/selling/customers","C:\ct\ct\src\app\api\erp\selling\customers\route.ts","GET,POST","S (session only)","G400","erp-selling-service","listCustomers,createCustomer","UNKNOWN"
"/api/erp/statistical-key-figure-postings","C:\ct\ct\src\app\api\erp\statistical-key-figure-postings\route.ts","POST","S (session only)","G400","erp-costing-service;permission-service","postStatisticalKeyFigureValue","UNKNOWN"
"/api/erp/statistical-key-figure-types","C:\ct\ct\src\app\api\erp\statistical-key-figure-types\route.ts","GET,POST","S (session only)","G400","erp-costing-service;permission-service","listStatisticalKeyFigureTypes,createStatisticalKeyFigureType","UNKNOWN"
"/api/erp/stock/batches","C:\ct\ct\src\app\api\erp\stock\batches\route.ts","GET,POST","S (session only)","G400","erp-uom-batch-service","listBatches,createBatch","UNKNOWN"
"/api/erp/stock/items","C:\ct\ct\src\app\api\erp\stock\items\route.ts","GET,POST","S (session only)","G400","erp-stock-service","listItems,createItem","UNKNOWN"
"/api/erp/stock/serials/[id]/status","C:\ct\ct\src\app\api\erp\stock\serials\[id]\status\route.ts","POST","S (session only)","G400","erp-uom-batch-service","updateSerialStatus","UNKNOWN"
"/api/erp/stock/serials","C:\ct\ct\src\app\api\erp\stock\serials\route.ts","GET,POST","S (session only)","G400","erp-uom-batch-service","listSerials,createSerials","UNKNOWN"
"/api/erp/stock/uom-conversions","C:\ct\ct\src\app\api\erp\stock\uom-conversions\route.ts","GET,POST","S (session only)","G400","erp-uom-batch-service","listUomConversions,createUomConversion","UNKNOWN"
"/api/erp/stock/warehouses","C:\ct\ct\src\app\api\erp\stock\warehouses\route.ts","GET,POST","S (session only)","G400","erp-stock-service","listWarehouses,createWarehouse","UNKNOWN"
"/api/erp/subscription-plans","C:\ct\ct\src\app\api\erp\subscription-plans\route.ts","GET,POST","S (session only)","G400","erp-contract-service","listSubscriptionPlans,createSubscriptionPlan","UNKNOWN"
"/api/erp/subscriptions/[id]","C:\ct\ct\src\app\api\erp\subscriptions\[id]\route.ts","PATCH","S (session only)","G400","erp-contract-service","updateSubscriptionStatus","UNKNOWN"
"/api/erp/subscriptions","C:\ct\ct\src\app\api\erp\subscriptions\route.ts","GET,POST","S (session only)","G400","erp-contract-service","listSubscriptions,createSubscription","UNKNOWN"
"/api/erp/tax-templates","C:\ct\ct\src\app\api\erp\tax-templates\route.ts","GET,POST","S (session only)","G400","erp-invoicing-service","listTaxTemplates,createTaxTemplate","UNKNOWN"
"/api/erp/tax-withholding-categories","C:\ct\ct\src\app\api\erp\tax-withholding-categories\route.ts","GET,POST","S (session only)","G400","erp-accounting-service","listTaxWithholdingCategories,createTaxWithholdingCategory","UNKNOWN"
